"","V1","V2","V3","V4","V5","V6","V7","V8","V9","V10","V11","V12","V13","V14","V15","V16","V17","V18","V19","V20","V21","V22","V23","V24","V25","V26","V27","V28","V29","V30","V31","V32","V33","V34","V35","V36","V37","V38","V39","V40"
"1",0,0,0,0,0,0,0,0,0,0,0,0,0,0,0,0,0,0,0,0,0,0,0,0,0,0,0,0,0,0,0,0,0,0,0,0,0,0,0,0
"2",0,0,0,0,0,0,0,0,0,0,0,0,0,0,0,0,0,0,0,0,0,0,0,0,0,0,0,0,0,0,0,0,0,0,0,0,0,0,0,0
"3",0,0,0,0,0,0,0,0,0,0,0,0,0,0,0,0,0,0,0,0,0,0,0,0,0,0,0,0,0,0,0,0,0,0,0,0,0,0,0,0
"4",0,0,0,0,0,0,0,0,0,0,0,0,0,0,0,0,0,0,0,0,0,0,0,0,0,0,0,0,0,0,0,0,0,0,0,0,0,0,0,0
"5",0,0,0,0,0,0,0,0,0,0,0,0,0,0,0,0,0,0,0,0,0,0,0,0,0,0,0,0,0,0,0,0,0,0,0,0,0,0,0,0
"6",0,0,0,0,0,0,0,0,0,0,0,0,0,0,0,0,0,0,0,0,0,0,0,0,0,0,0,0,0,0,0,0,0,0,0,0,0,0,0,0
"7",0,0,0,0,0,0,0,0,0,0,0,0,0,0,0,0,0,0,0,0,0,0,0,0,0,0,0,0,0,0,0,0,0,0,0,0,0,0,0,0
"8",0,0,0,0,0,0,0,0,0,0,0,0,0,0,0,0,0,0,0,0,0,0,0,0,0,0,0,0,0,0,0,0,0,0,0,0,0,0,0,0
"9",0,0,0,0,0,0,0,0,0,0,0,0,0,0,0,0,0,0,0,0,0,0,0,0,0,0,0,0,0,0,0,0,0,0,0,0,0,0,0,0
"10",0,0,0,0,0,0,0,0,0,0,0,0,0,0,0,0,0,0,0,0,0,0,0,0,0,0,0,0,0,0,0,0,0,0,0,0,0,0,0,0
"11",0,0,0,0,0,0,0,0,0,0,0,0,0,0,0,0,0,0,0,0,0,0,0,0,0,0,0,0,0,0,0,0,0,0,0,0,0,0,0,0
"12",0,0,0,0,0,0,0,0,0,0,0,0,0,0,0,0,0,0,0,0,0,0,0,0,0,0,0,0,0,0,0,0,0,0,0,0,0,0,0,0
"13",0,0,0,0,0,0,0,0,0,0,0,0,0,0,0,0,0,0,0,0,0,0,0,0,0,0,0,0,0,0,0,0,0,0,0,0,0,0,0,0
"14",0,0,0,0,0,0,0,0,0,0,0,0,0,0,0,0,0,0,0,0,0,0,0,0,0,0,0,0,0,0,0,0,0,0,0,0,0,0,0,0
"15",0,0,0,0,0,0,0,0,0,0,0,0,0,0,0,0,0,0,0,0,0,0,0,0,0,0,0,0,0,0,0,0,0,0,0,0,0,0,0,0
"16",0,0,0,0,0,0,0,0,0,0,0,0,0,0,0,0,0,0,0,0,0,0,0,0,0,0,0,0,0,0,0,0,0,0,0,0,0,0,0,0
"17",0,0,0,0,0,0,0,0,0,0,0,0,0,0,0,0,0,0,0,0,0,0,0,0,0,0,0,0,0,0,0,0,0,0,0,0,0,0,0,0
"18",0,0,0,0,0,0,0,0,0,0,0,0,0,0,0,0,0,0,0,0,0,0,0,0,0,0,0,0,0,0,0,0,0,0,0,0,0,0,0,0
"19",0,0,0,0,0,0,0,0,0,0,0,0,0,0,0,0,0,0,0,0,0,0,0,0,0,0,0,0,0,0,0,0,0,0,0,0,0,0,0,0
"20",0,0,0,0,0,0,0,0,0,0,0,0,0,0,0,0,0,0,0,0,0,0,0,0,0,0,0,0,0,0,0,0,0,0,0,0,0,0,0,0
"21",0,0,0,0,0,0,0,0,0,0,0,0,0,0,0,0,0,0,0,0,0,0,0,0,0,0,0,0,0,0,0,0,0,0,0,0,0,0,0,0
"22",0,0,0,0,0,0,0,0,0,0,0,0,0,0,0,0,0,0,0,0,0,0,0,0,0,0,0,0,0,0,0,0,0,0,0,0,0,0,0,0
"23",0,0,0,0,0,0,0,0,0,0,0,0,0,0,0,0,0,0,0,0,0,0,0,0,0,0,0,0,0,0,0,0,0,0,0,0,0,0,0,0
"24",0,0,0,0,0,0,0,0,0,0,0,0,0,0,0,0,0,0,0,0,0,0,0,0,0,0,0,0,0,0,0,0,0,0,0,0,0,0,0,0
"25",0,0,0,0,0,0,0,0,0,0,0,0,0,0,0,0,0,0,0,0,0,0,0,0,0,0,0,0,0,0,0,0,0,0,0,0,0,0,0,0
"26",0,0,0,0,0,0,0,0,0,0,0,0,0,0,0,0,0,0,0,0,0,0,0,0,0,0,0,0,0,0,0,0,0,0,0,0,0,0,0,0
"27",0,0,0,0,0,0,0,0,0,0,0,0,0,0,0,0,0,0,0,0,0,0,0,0,0,0,0,0,0,0,0,0,0,0,0,0,0,0,0,0
"28",0,0,0,0,0,0,0,0,0,0,0,0,0,0,0,0,0,0,0,0,0,0,0,0,0,0,0,0,0,0,0,0,0,0,0,0,0,0,0,0
"29",0,0,0,0,0,0,0,0,0,0,0,0,0,0,0,0,0,0,0,0,0,0,0,0,0,0,0,0,0,0,0,0,0,0,0,0,0,0,0,0
"30",0,0,0,0,0,0,0,0,0,0,0,0,0,0,0,0,0,0,0,0,0,0,0,0,0,0,0,0,0,0,0,0,0,0,0,0,0,0,0,0
"31",0,0,0,0,0,0,0,0,0,0,0,0,0,0,0,0,0,0,0,0,0,0,0,0,0,0,0,0,0,0,0,0,0,0,0,0,0,0,0,0
"32",0,0,0,0,0,0,0,0,0,0,0,0,0,0,0,0,0,0,0,0,0,0,0,0,0,0,0,0,0,0,0,0,0,0,0,0,0,0,0,0
"33",0,0,0,0,0,0,0,0,0,0,0,0,0,0,0,0,0,0,0,0,0,0,0,0,0,0,0,0,0,0,0,0,0,0,0,0,0,0,0,0
"34",0,0,0,0,0,0,0,0,0,0,0,0,0,0,0,0,0,0,0,0,0,0,0,0,0,0,0,0,0,0,0,0,0,0,0,0,0,0,0,0
"35",0,0,0,0,0,0,0,0,0,0,0,0,0,0,0,0,0,0,0,0,0,0,0,0,0,0,0,0,0,0,0,0,0,0,0,0,0,0,0,0
"36",0,0,0,0,0,0,0,0,0,0,0,0,0,0,0,0,0,0,0,0,0,0,0,0,0,0,0,0,0,0,0,0,0,0,0,0,0,0,0,0
"37",0,0,0,0,0,0,0,0,0,0,0,0,0,0,0,0,0,0,0,0,0,0,0,0,0,0,0,0,0,0,0,0,0,0,0,0,0,0,0,0
"38",0,0,0,0,0,0,0,0,0,0,0,0,0,0,0,0,0,0,0,0,0,0,0,0,0,0,0,0,0,0,0,0,0,0,0,0,0,0,0,0
"39",0,0,0,0,0,0,0,0,0,0,0,0,0,0,0,0,0,0,0,0,0,0,0,0,0,0,0,0,0,0,0,0,0,0,0,0,0,0,0,0
"40",0,0,0,0,0,0,0,0,0,0,0,0,0,0,0,0,0,0,0,0,0,0,0,0,0,0,0,0,0,0,0,0,0,0,0,0,0,0,0,0
"41",0,0,0,0,0,0,0,0,0,0,0,0,0,0,0,0,0,0,0,0,0,0,0,0,0,0,0,0,0,0,0,0,0,0,0,0,0,0,0,0
"42",0,0,0,0,0,0,0,0,0,0,0,0,0,0,0,0,0,0,0,0,0,0,0,0,0,0,0,0,0,0,0,0,0,0,0,0,0,0,0,0
"43",0,0,0,0,0,0,0,0,0,0,0,0,0,0,0,0,0,0,0,0,0,0,0,0,0,0,0,0,0,0,0,0,0,0,0,0,0,0,0,0
"44",0,0,0,0,0,0,0,0,0,0,0,0,0,0,0,0,0,0,0,0,0,0,0,0,0,0,0,0,0,0,0,0,0,0,0,0,0,0,0,0
"45",0,0,0,0,0,0,0,0,0,0,0,0,0,0,0,0,0,0,0,0,0,0,0,0,0,0,0,0,0,0,0,0,0,0,0,0,0,0,0,0
"46",0,0,0,0,0,0,0,0,0,0,0,0,0,0,0,0,0,0,0,0,0,0,0,0,0,0,0,0,0,0,0,0,0,0,0,0,0,0,0,0
"47",0,0,0,0,0,0,0,0,0,0,0,0,0,0,0,0,0,0,0,0,0,0,0,0,0,0,0,0,0,0,0,0,0,0,0,0,0,0,0,0
"48",0,0,0,0,0,0,0,0,0,0,0,0,0,0,0,0,0,0,0,0,0,0,0,0,0,0,0,0,0,0,0,0,0,0,0,0,0,0,0,0
"49",0,0,0,0,0,0,0,0,0,0,0,0,0,0,0,0,0,0,0,0,0,0,0,0,0,0,0,0,0,0,0,0,0,0,0,0,0,0,0,0
"50",0,0,0,0,0,0,0,0,0,0,0,0,0,0,0,0,0,0,0,0,0,0,0,0,0,0,0,0,0,0,0,0,0,0,0,0,0,0,0,0
"51",0,0,0,0,0,0,0,0,0,0,0,0,0,0,0,0,0,0,0,0,0,0,0,0,0,0,0,0,0,0,0,0,0,0,0,0,0,0,0,0
"52",0,0,0,0,0,0,0,0,0,0,0,0,0,0,0,0,0,0,0,0,0,0,0,0,0,0,0,0,0,0,0,0,0,0,0,0,0,0,0,0
"53",0,0,0,0,0,0,0,0,0,0,0,0,0,0,0,0,0,0,0,0,0,0,0,0,0,0,0,0,0,0,0,0,0,0,0,0,0,0,0,0
"54",0,0,0,0,0,0,0,0,0,0,0,0,0,0,0,0,0,0,0,0,0,0,0,0,0,0,0,0,0,0,0,0,0,0,0,0,0,0,0,0
"55",0,0,0,0,0,0,0,0,0,0,0,0,0,0,0,0,0,0,0,0,0,0,0,0,0,0,0,0,0,0,0,0,0,0,0,0,0,0,0,0
"56",0,0,0,0,0,0,0,0,0,0,0,0,0,0,0,0,0,0,0,0,0,0,0,0,0,0,0,0,0,0,0,0,0,0,0,0,0,0,0,0
"57",0,0,0,0,0,0,0,0,0,0,0,0,0,0,0,0,0,0,0,0,0,0,0,0,0,0,0,0,0,0,0,0,0,0,0,0,0,0,0,0
"58",0,0,0,0,0,0,0,0,0,0,0,0,0,0,0,0,0,0,0,0,0,0,0,0,0,0,0,0,0,0,0,0,0,0,0,0,0,0,0,0
"59",0,0,0,0,0,0,0,0,0,0,0,0,0,0,0,0,0,0,0,0,0,0,0,0,0,0,0,0,0,0,0,0,0,0,0,0,0,0,0,0
"60",0,0,0,0,0,0,0,0,0,0,0,0,0,0,0,0,0,0,0,0,0,0,0,0,0,0,0,0,0,0,0,0,0,0,0,0,0,0,0,0
"61",0,0,0,0,0,0,0,0,0,0,0,0,0,0,0,0,0,0,0,0,0,0,0,0,0,0,0,0,0,0,0,0,0,0,0,0,0,0,0,0
"62",0,0,0,0,0,0,0,0,0,0,0,0,0,0,0,0,0,0,0,0,0,0,0,0,0,0,0,0,0,0,0,0,0,0,0,0,0,0,0,0
"63",0,0,0,0,0,0,0,0,0,0,0,0,0,0,0,0,0,0,0,0,0,0,0,0,0,0,0,0,0,0,0,0,0,0,0,0,0,0,0,0
"64",0,0,0,0,0,0,0,0,0,0,0,0,0,0,0,0,0,0,0,0,0,0,0,0,0,0,0,0,0,0,0,0,0,0,0,0,0,0,0,0
"65",0,0,0,0,0,0,0,0,0,0,0,0,0,0,0,0,0,0,0,0,0,0,0,0,0,0,0,0,0,0,0,0,0,0,0,0,0,0,0,0
"66",0,0,0,0,0,0,0,0,0,0,0,0,0,0,0,0,0,0,0,0,0,0,0,0,0,0,0,0,0,0,0,0,0,0,0,0,0,0,0,0
"67",0,0,0,0,0,0,0,0,0,0,0,0,0,0,0,0,0,0,0,0,0,0,0,0,0,0,0,0,0,0,0,0,0,0,0,0,0,0,0,0
"68",0,0,0,0,0,0,0,0,0,0,0,0,0,0,0,0,0,0,0,0,0,0,0,0,0,0,0,0,0,0,0,0,0,0,0,0,0,0,0,0
"69",0,0,0,0,0,0,0,0,0,0,0,0,0,0,0,0,0,0,0,0,0,0,0,0,0,0,0,0,0,0,0,0,0,0,0,0,0,0,0,0
"70",0,0,0,0,0,0,0,0,0,0,0,0,0,0,0,0,0,0,0,0,0,0,0,0,0,0,0,0,0,0,0,0,0,0,0,0,0,0,0,0
"71",0,0,0,0,0,0,0,0,0,0,0,0,0,0,0,0,0,0,0,0,0,0,0,0,0,0,0,0,0,0,0,0,0,0,0,0,0,0,0,0
"72",0,0,0,0,0,0,0,0,0,0,0,0,0,0,0,0,0,0,0,0,0,0,0,0,0,0,0,0,0,0,0,0,0,0,0,0,0,0,0,0
"73",0,0,0,0,0,0,0,0,0,0,0,0,0,0,0,0,0,0,0,0,0,0,0,0,0,0,0,0,0,0,0,0,0,0,0,0,0,0,0,0
"74",0,0,0,0,0,0,0,0,0,0,0,0,0,0,0,0,0,0,0,0,0,0,0,0,0,0,0,0,0,0,0,0,0,0,0,0,0,0,0,0
"75",0,0,0,0,0,0,0,0,0,0,0,0,0,0,0,0,0,0,0,0,0,0,0,0,0,0,0,0,0,0,0,0,0,0,0,0,0,0,0,0
"76",0,0,0,0,0,0,0,0,0,0,0,0,0,0,0,0,0,0,0,0,0,0,0,0,0,0,0,0,0,0,0,0,0,0,0,0,0,0,0,0
"77",0,0,0,0,0,0,0,0,0,0,0,0,0,0,0,0,0,0,0,0,0,0,0,0,0,0,0,0,0,0,0,0,0,0,0,0,0,0,0,0
"78",0,0,0,0,0,0,0,0,0,0,0,0,0,0,0,0,0,0,0,0,0,0,0,0,0,0,0,0,0,0,0,0,0,0,0,0,0,0,0,0
"79",0,0,0,0,0,0,0,0,0,0,0,0,0,0,0,0,0,0,0,0,0,0,0,0,0,0,0,0,0,0,0,0,0,0,0,0,0,0,0,0
"80",0,0,0,0,0,0,0,0,0,0,0,0,0,0,0,0,0,0,0,0,0,0,0,0,0,0,0,0,0,0,0,0,0,0,0,0,0,0,0,0
"81",0,0,0,0,0,0,0,0,0,0,0,0,0,0,0,0,0,0,0,0,0,0,0,0,0,0,0,0,0,0,0,0,0,0,0,0,0,0,0,0
"82",0,0,0,0,0,0,0,0,0,0,0,0,0,0,0,0,0,0,0,0,0,0,0,0,0,0,0,0,0,0,0,0,0,0,0,0,0,0,0,0
"83",0,0,0,0,0,0,0,0,0,0,0,0,0,0,0,0,0,0,0,0,0,0,0,0,0,0,0,0,0,0,0,0,0,0,0,0,0,0,0,0
"84",0,0,0,0,0,0,0,0,0,0,0,0,0,0,0,0,0,0,0,0,0,0,0,0,0,0,0,0,0,0,0,0,0,0,0,0,0,0,0,0
"85",0,0,0,0,0,0,0,0,0,0,0,0,0,0,0,0,0,0,0,0,0,0,0,0,0,0,0,0,0,0,0,0,0,0,0,0,0,0,0,0
"86",0,0,0,0,0,0,0,0,0,0,0,0,0,0,0,0,0,0,0,0,0,0,0,0,0,0,0,0,0,0,0,0,0,0,0,0,0,0,0,0
"87",0,0,0,0,0,0,0,0,0,0,0,0,0,0,0,0,0,0,0,0,0,0,0,0,0,0,0,0,0,0,0,0,0,0,0,0,0,0,0,0
"88",0,0,0,0,0,0,0,0,0,0,0,0,0,0,0,0,0,0,0,0,0,0,0,0,0,0,0,0,0,0,0,0,0,0,0,0,0,0,0,0
"89",0,0,0,0,0,0,0,0,0,0,0,0,0,0,0,0,0,0,0,0,0,0,0,0,0,0,0,0,0,0,0,0,0,0,0,0,0,0,0,0
"90",0,0,0,0,0,0,0,0,0,0,0,0,0,0,0,0,0,0,0,0,0,0,0,0,0,0,0,0,0,0,0,0,0,0,0,0,0,0,0,0
"91",0,0,0,0,0,0,0,0,0,0,0,0,0,0,0,0,0,0,0,0,0,0,0,0,0,0,0,0,0,0,0,0,0,0,0,0,0,0,0,0
"92",0,0,0,0,0,0,0,0,0,0,0,0,0,0,0,0,0,0,0,0,0,0,0,0,0,0,0,0,0,0,0,0,0,0,0,0,0,0,0,0
"93",0,0,0,0,0,0,0,0,0,0,0,0,0,0,0,0,0,0,0,0,0,0,0,0,0,0,0,0,0,0,0,0,0,0,0,0,0,0,0,0
"94",0,0,0,0,0,0,0,0,0,0,0,0,0,0,0,0,0,0,0,0,0,0,0,0,0,0,0,0,0,0,0,0,0,0,0,0,0,0,0,0
"95",0,0,0,0,0,0,0,0,0,0,0,0,0,0,0,0,0,0,0,0,0,0,0,0,0,0,0,0,0,0,0,0,0,0,0,0,0,0,0,0
"96",0,0,0,0,0,0,0,0,0,0,0,0,0,0,0,0,0,0,0,0,0,0,0,0,0,0,0,0,0,0,0,0,0,0,0,0,0,0,0,0
"97",0,0,0,0,0,0,0,0,0,0,0,0,0,0,0,0,0,0,0,0,0,0,0,0,0,0,0,0,0,0,0,0,0,0,0,0,0,0,0,0
"98",0,0,0,0,0,0,0,0,0,0,0,0,0,0,0,0,0,0,0,0,0,0,0,0,0,0,0,0,0,0,0,0,0,0,0,0,0,0,0,0
"99",0,0,0,0,0,0,0,0,0,0,0,0,0,0,0,0,0,0,0,0,0,0,0,0,0,0,0,0,0,0,0,0,0,0,0,0,0,0,0,0
"100",0,0,0,0,0,0,0,0,0,0,0,0,0,0,0,0,0,0,0,0,0,0,0,0,0,0,0,0,0,0,0,0,0,0,0,0,0,0,0,0
"101",0,0,0,0,0,0,0,0,0,0,0,0,0,0,0,0,0,0,0,0,0,0,0,0,0,0,0,0,0,0,0,0,0,0,0,0,0,0,0,0
"102",0,0,0,0,0,0,0,0,0,0,0,0,0,0,0,0,0,0,0,0,0,0,0,0,0,0,0,0,0,0,0,0,0,0,0,0,0,0,0,0
"103",0,0,0,0,0,0,0,0,0,0,0,0,0,0,0,0,0,0,0,0,0,0,0,0,0,0,0,0,0,0,0,0,0,0,0,0,0,0,0,0
"104",0,0,0,0,0,0,0,0,0,0,0,0,0,0,0,0,0,0,0,0,0,0,0,0,0,0,0,0,0,0,0,0,0,0,0,0,0,0,0,0
"105",0,0,0,0,0,0,0,0,0,0,0,0,0,0,0,0,0,0,0,0,0,0,0,0,0,0,0,0,0,0,0,0,0,0,0,0,0,0,0,0
"106",0,0,0,0,0,0,0,0,0,0,0,0,0,0,0,0,0,0,0,0,0,0,0,0,0,0,0,0,0,0,0,0,0,0,0,0,0,0,0,0
"107",0,0,0,0,0,0,0,0,0,0,0,0,0,0,0,0,0,0,0,0,0,0,0,0,0,0,0,0,0,0,0,0,0,0,0,0,0,0,0,0
"108",0,0,0,0,0,0,0,0,0,0,0,0,0,0,0,0,0,0,0,0,0,0,0,0,0,0,0,0,0,0,0,0,0,0,0,0,0,0,0,0
"109",0,0,0,0,0,0,0,0,0,0,0,0,0,0,0,0,0,0,0,0,0,0,0,0,0,0,0,0,0,0,0,0,0,0,0,0,0,0,0,0
"110",0,0,0,0,0,0,0,0,0,0,0,0,0,0,0,0,0,0,0,0,0,0,0,0,0,0,0,0,0,0,0,0,0,0,0,0,0,0,0,0
"111",0,0,0,0,0,0,0,0,0,0,0,0,0,0,0,0,0,0,0,0,0,0,0,0,0,0,0,0,0,0,0,0,0,0,0,0,0,0,0,0
"112",0,0,0,0,0,0,0,0,0,0,0,0,0,0,0,0,0,0,0,0,0,0,0,0,0,0,0,0,0,0,0,0,0,0,0,0,0,0,0,0
"113",0,0,0,0,0,0,0,0,0,0,0,0,0,0,0,0,0,0,0,0,0,0,0,0,0,0,0,0,0,0,0,0,0,0,0,0,0,0,0,0
"114",0,0,0,0,0,0,0,0,0,0,0,0,0,0,0,0,0,0,0,0,0,0,0,0,0,0,0,0,0,0,0,0,0,0,0,0,0,0,0,0
"115",0,0,0,0,0,0,0,0,0,0,0,0,0,0,0,0,0,0,0,0,0,0,0,0,0,0,0,0,0,0,0,0,0,0,0,0,0,0,0,0
"116",0,0,0,0,0,0,0,0,0,0,0,0,0,0,0,0,0,0,0,0,0,0,0,0,0,0,0,0,0,0,0,0,0,0,0,0,0,0,0,0
"117",0,0,0,0,0,0,0,0,0,0,0,0,0,0,0,0,0,0,0,0,0,0,0,0,0,0,0,0,0,0,0,0,0,0,0,0,0,0,0,0
"118",0,0,0,0,0,0,0,0,0,0,0,0,0,0,0,0,0,0,0,0,0,0,0,0,0,0,0,0,0,0,0,0,0,0,0,0,0,0,0,0
"119",0,0,0,0,0,0,0,0,0,0,0,0,0,0,0,0,0,0,0,0,0,0,0,0,0,0,0,0,0,0,0,0,0,0,0,0,0,0,0,0
"120",0,0,0,0,0,0,0,0,0,0,0,0,0,0,0,0,0,0,0,0,0,0,0,0,0,0,0,0,0,0,0,0,0,0,0,0,0,0,0,0
"121",0,0,0,0,0,0,0,0,0,0,0,0,0,0,0,0,0,0,0,0,0,0,0,0,0,0,0,0,0,0,0,0,0,0,0,0,0,0,0,0
"122",0,0,0,0,0,0,0,0,0,0,0,0,0,0,0,0,0,0,0,0,0,0,0,0,0,0,0,0,0,0,0,0,0,0,0,0,0,0,0,0
"123",0,0,0,0,0,0,0,0,0,0,0,0,0,0,0,0,0,0,0,0,0,0,0,0,0,0,0,0,0,0,0,0,0,0,0,0,0,0,0,0
"124",0,0,0,0,0,0,0,0,0,0,0,0,0,0,0,0,0,0,0,0,0,0,0,0,0,0,0,0,0,0,0,0,0,0,0,0,0,0,0,0
"125",0,0,0,0,0,0,0,0,0,0,0,0,0,0,0,0,0,0,0,0,0,0,0,0,0,0,0,0,0,0,0,0,0,0,0,0,0,0,0,0
"126",0,0,0,0,0,0,0,0,0,0,0,0,0,0,0,0,0,0,0,0,0,0,0,0,0,0,0,0,0,0,0,0,0,0,0,0,0,0,0,0
"127",0,0,0,0,0,0,0,0,0,0,0,0,0,0,0,0,0,0,0,0,0,0,0,0,0,0,0,0,0,0,0,0,0,0,0,0,0,0,0,0
"128",0,0,0,0,0,0,0,0,0,0,0,0,0,0,0,0,0,0,0,0,0,0,0,0,0,0,0,0,0,0,0,0,0,0,0,0,0,0,0,0
"129",0,0,0,0,0,0,0,0,0,0,0,0,0,0,0,0,0,0,0,0,0,0,0,0,0,0,0,0,0,0,0,0,0,0,0,0,0,0,0,0
"130",0,0,0,0,0,0,0,0,0,0,0,0,0,0,0,0,0,0,0,0,0,0,0,0,0,0,0,0,0,0,0,0,0,0,0,0,0,0,0,0
"131",0,0,0,0,0,0,0,0,0,0,0,0,0,0,0,0,0,0,0,0,0,0,0,0,0,0,0,0,0,0,0,0,0,0,0,0,0,0,0,0
"132",0,0,0,0,0,0,0,0,0,0,0,0,0,0,0,0,0,0,0,0,0,0,0,0,0,0,0,0,0,0,0,0,0,0,0,0,0,0,0,0
"133",0,0,0,0,0,0,0,0,0,0,0,0,0,0,0,0,0,0,0,0,0,0,0,0,0,0,0,0,0,0,0,0,0,0,0,0,0,0,0,0
"134",0,0,0,0,0,0,0,0,0,0,0,0,0,0,0,0,0,0,0,0,0,0,0,0,0,0,0,0,0,0,0,0,0,0,0,0,0,0,0,0
"135",0,0,0,0,0,0,0,0,0,0,0,0,0,0,0,0,0,0,0,0,0,0,0,0,0,0,0,0,0,0,0,0,0,0,0,0,0,0,0,0
"136",0,0,0,0,0,0,0,0,0,0,0,0,0,0,0,0,0,0,0,0,0,0,0,0,0,0,0,0,0,0,0,0,0,0,0,0,0,0,0,0
"137",0,0,0,0,0,0,0,0,0,0,0,0,0,0,0,0,0,0,0,0,0,0,0,0,0,0,0,0,0,0,0,0,0,0,0,0,0,0,0,0
"138",0,0,0,0,0,0,0,0,0,0,0,0,0,0,0,0,0,0,0,0,0,0,0,0,0,0,0,0,0,0,0,0,0,0,0,0,0,0,0,0
"139",0,0,0,0,0,0,0,0,0,0,0,0,0,0,0,0,0,0,0,0,0,0,0,0,0,0,0,0,0,0,0,0,0,0,0,0,0,0,0,0
"140",0,0,0,0,0,0,0,0,0,0,0,0,0,0,0,0,0,0,0,0,0,0,0,0,0,0,0,0,0,0,0,0,0,0,0,0,0,0,0,0
"141",0,0,0,0,0,0,0,0,0,0,0,0,0,0,0,0,0,0,0,0,0,0,0,0,0,0,0,0,0,0,0,0,0,0,0,0,0,0,0,0
"142",0,0,0,0,0,0,0,0,0,0,0,0,0,0,0,0,0,0,0,0,0,0,0,0,0,0,0,0,0,0,0,0,0,0,0,0,0,0,0,0
"143",0,0,0,0,0,0,0,0,0,0,0,0,0,0,0,0,0,0,0,0,0,0,0,0,0,0,0,0,0,0,0,0,0,0,0,0,0,0,0,0
"144",0,0,0,0,0,0,0,0,0,0,0,0,0,0,0,0,0,0,0,0,0,0,0,0,0,0,0,0,0,0,0,0,0,0,0,0,0,0,0,0
"145",0,0,0,0,0,0,0,0,0,0,0,0,0,0,0,0,0,0,0,0,0,0,0,0,0,0,0,0,0,0,0,0,0,0,0,0,0,0,0,0
"146",0,0,0,0,0,0,0,0,0,0,0,0,0,0,0,0,0,0,0,0,0,0,0,0,0,0,0,0,0,0,0,0,0,0,0,0,0,0,0,0
"147",0,0,0,0,0,0,0,0,0,0,0,0,0,0,0,0,0,0,0,0,0,0,0,0,0,0,0,0,0,0,0,0,0,0,0,0,0,0,0,0
"148",0,0,0,0,0,0,0,0,0,0,0,0,0,0,0,0,0,0,0,0,0,0,0,0,0,0,0,0,0,0,0,0,0,0,0,0,0,0,0,0
"149",0,0,0,0,0,0,0,0,0,0,0,0,0,0,0,0,0,0,0,0,0,0,0,0,0,0,0,0,0,0,0,0,0,0,0,0,0,0,0,0
"150",0,0,0,0,0,0,0,0,0,0,0,0,0,0,0,0,0,0,0,0,0,0,0,0,0,0,0,0,0,0,0,0,0,0,0,0,0,0,0,0
"151",0,0,0,0,0,0,0,0,0,0,0,0,0,0,0,0,0,0,0,0,0,0,0,0,0,0,0,0,0,0,0,0,0,0,0,0,0,0,0,0
"152",0,0,0,0,0,0,0,0,0,0,0,0,0,0,0,0,0,0,0,0,0,0,0,0,0,0,0,0,0,0,0,0,0,0,0,0,0,0,0,0
"153",0,0,0,0,0,0,0,0,0,0,0,0,0,0,0,0,0,0,0,0,0,0,0,0,0,0,0,0,0,0,0,0,0,0,0,0,0,0,0,0
"154",0,0,0,0,0,0,0,0,0,0,0,0,0,0,0,0,0,0,0,0,0,0,0,0,0,0,0,0,0,0,0,0,0,0,0,0,0,0,0,0
"155",0,0,0,0,0,0,0,0,0,0,0,0,0,0,0,0,0,0,0,0,0,0,0,0,0,0,0,0,0,0,0,0,0,0,0,0,0,0,0,0
"156",0,0,0,0,0,0,0,0,0,0,0,0,0,0,0,0,0,0,0,0,0,0,0,0,0,0,0,0,0,0,0,0,0,0,0,0,0,0,0,0
"157",0,0,0,0,0,0,0,0,0,0,0,0,0,0,0,0,0,0,0,0,0,0,0,0,0,0,0,0,0,0,0,0,0,0,0,0,0,0,0,0
"158",0,0,0,0,0,0,0,0,0,0,0,0,0,0,0,0,0,0,0,0,0,0,0,0,0,0,0,0,0,0,0,0,0,0,0,0,0,0,0,0
"159",0,0,0,0,0,0,0,0,0,0,0,0,0,0,0,0,0,0,0,0,0,0,0,0,0,0,0,0,0,0,0,0,0,0,0,0,0,0,0,0
"160",0,0,0,0,0,0,0,0,0,0,0,0,0,0,0,0,0,0,0,0,0,0,0,0,0,0,0,0,0,0,0,0,0,0,0,0,0,0,0,0
"161",0,0,0,0,0,0,0,0,0,0,0,0,0,0,0,0,0,0,0,0,0,0,0,0,0,0,0,0,0,0,0,0,0,0,0,0,0,0,0,0
"162",0,0,0,0,0,0,0,0,0,0,0,0,0,0,0,0,0,0,0,0,0,0,0,0,0,0,0,0,0,0,0,0,0,0,0,0,0,0,0,0
"163",0,0,0,0,0,0,0,0,0,0,0,0,0,0,0,0,0,0,0,0,0,0,0,0,0,0,0,0,0,0,0,0,0,0,0,0,0,0,0,0
"164",0,0,0,0,0,0,0,0,0,0,0,0,0,0,0,0,0,0,0,0,0,0,0,0,0,0,0,0,0,0,0,0,0,0,0,0,0,0,0,0
"165",0,0,0,0,0,0,0,0,0,0,0,0,0,0,0,0,0,0,0,0,0,0,0,0,0,0,0,0,0,0,0,0,0,0,0,0,0,0,0,0
"166",0,0,0,0,0,0,0,0,0,0,0,0,0,0,0,0,0,0,0,0,0,0,0,0,0,0,0,0,0,0,0,0,0,0,0,0,0,0,0,0
"167",0,0,0,0,0,0,0,0,0,0,0,0,0,0,0,0,0,0,0,0,0,0,0,0,0,0,0,0,0,0,0,0,0,0,0,0,0,0,0,0
"168",0,0,0,0,0,0,0,0,0,0,0,0,0,0,0,0,0,0,0,0,0,0,0,0,0,0,0,0,0,0,0,0,0,0,0,0,0,0,0,0
"169",0,0,0,0,0,0,0,0,0,0,0,0,0,0,0,0,0,0,0,0,0,0,0,0,0,0,0,0,0,0,0,0,0,0,0,0,0,0,0,0
"170",0,0,0,0,0,0,0,0,0,0,0,0,0,0,0,0,0,0,0,0,0,0,0,0,0,0,0,0,0,0,0,0,0,0,0,0,0,0,0,0
"171",0,0,0,0,0,0,0,0,0,0,0,0,0,0,0,0,0,0,0,0,0,0,0,0,0,0,0,0,0,0,0,0,0,0,0,0,0,0,0,0
"172",0,0,0,0,0,0,0,0,0,0,0,0,0,0,0,0,0,0,0,0,0,0,0,0,0,0,0,0,0,0,0,0,0,0,0,0,0,0,0,0
"173",0,0,0,0,0,0,0,0,0,0,0,0,0,0,0,0,0,0,0,0,0,0,0,0,0,0,0,0,0,0,0,0,0,0,0,0,0,0,0,0
"174",0,0,0,0,0,0,0,0,0,0,0,0,0,0,0,0,0,0,0,0,0,0,0,0,0,0,0,0,0,0,0,0,0,0,0,0,0,0,0,0
"175",0,0,0,0,0,0,0,0,0,0,0,0,0,0,0,0,0,0,0,0,0,0,0,0,0,0,0,0,0,0,0,0,0,0,0,0,0,0,0,0
"176",0,0,0,0,0,0,0,0,0,0,0,0,0,0,0,0,0,0,0,0,0,0,0,0,0,0,0,0,0,0,0,0,0,0,0,0,0,0,0,0
"177",0,0,0,0,0,0,0,0,0,0,0,0,0,0,0,0,0,0,0,0,0,0,0,0,0,0,0,0,0,0,0,0,0,0,0,0,0,0,0,0
"178",0,0,0,0,0,0,0,0,0,0,0,0,0,0,0,0,0,0,0,0,0,0,0,0,0,0,0,0,0,0,0,0,0,0,0,0,0,0,0,0
"179",0,0,0,0,0,0,0,0,0,0,0,0,0,0,0,0,0,0,0,0,0,0,0,0,0,0,0,0,0,0,0,0,0,0,0,0,0,0,0,0
"180",0,0,0,0,0,0,0,0,0,0,0,0,0,0,0,0,0,0,0,0,0,0,0,0,0,0,0,0,0,0,0,0,0,0,0,0,0,0,0,0
"181",0,0,0,0,0,0,0,0,0,0,0,0,0,0,0,0,0,0,0,0,0,0,0,0,0,0,0,0,0,0,0,0,0,0,0,0,0,0,0,0
"182",0,0,0,0,0,0,0,0,0,0,0,0,0,0,0,0,0,0,0,0,0,0,0,0,0,0,0,0,0,0,0,0,0,0,0,0,0,0,0,0
"183",0,0,0,0,0,0,0,0,0,0,0,0,0,0,0,0,0,0,0,0,0,0,0,0,0,0,0,0,0,0,0,0,0,0,0,0,0,0,0,0
"184",0,0,0,0,0,0,0,0,0,0,0,0,0,0,0,0,0,0,0,0,0,0,0,0,0,0,0,0,0,0,0,0,0,0,0,0,0,0,0,0
"185",0,0,0,0,0,0,0,0,0,0,0,0,0,0,0,0,0,0,0,0,0,0,0,0,0,0,0,0,0,0,0,0,0,0,0,0,0,0,0,0
"186",0,0,0,0,0,0,0,0,0,0,0,0,0,0,0,0,0,0,0,0,0,0,0,0,0,0,0,0,0,0,0,0,0,0,0,0,0,0,0,0
"187",0,0,0,0,0,0,0,0,0,0,0,0,0,0,0,0,0,0,0,0,0,0,0,0,0,0,0,0,0,0,0,0,0,0,0,0,0,0,0,0
"188",0,0,0,0,0,0,0,0,0,0,0,0,0,0,0,0,0,0,0,0,0,0,0,0,0,0,0,0,0,0,0,0,0,0,0,0,0,0,0,0
"189",0,0,0,0,0,0,0,0,0,0,0,0,0,0,0,0,0,0,0,0,0,0,0,0,0,0,0,0,0,0,0,0,0,0,0,0,0,0,0,0
"190",0,0,0,0,0,0,0,0,0,0,0,0,0,0,0,0,0,0,0,0,0,0,0,0,0,0,0,0,0,0,0,0,0,0,0,0,0,0,0,0
"191",0,0,0,0,0,0,0,0,0,0,0,0,0,0,0,0,0,0,0,0,0,0,0,0,0,0,0,0,0,0,0,0,0,0,0,0,0,0,0,0
"192",0,0,0,0,0,0,0,0,0,0,0,0,0,0,0,0,0,0,0,0,0,0,0,0,0,0,0,0,0,0,0,0,0,0,0,0,0,0,0,0
"193",0,0,0,0,0,0,0,0,0,0,0,0,0,0,0,0,0,0,0,0,0,0,0,0,0,0,0,0,0,0,0,0,0,0,0,0,0,0,0,0
"194",0,0,0,0,0,0,0,0,0,0,0,0,0,0,0,0,0,0,0,0,0,0,0,0,0,0,0,0,0,0,0,0,0,0,0,0,0,0,0,0
"195",0,0,0,0,0,0,0,0,0,0,0,0,0,0,0,0,0,0,0,0,0,0,0,0,0,0,0,0,0,0,0,0,0,0,0,0,0,0,0,0
"196",0,0,0,0,0,0,0,0,0,0,0,0,0,0,0,0,0,0,0,0,0,0,0,0,0,0,0,0,0,0,0,0,0,0,0,0,0,0,0,0
"197",0,0,0,0,0,0,0,0,0,0,0,0,0,0,0,0,0,0,0,0,0,0,0,0,0,0,0,0,0,0,0,0,0,0,0,0,0,0,0,0
"198",0,0,0,0,0,0,0,0,0,0,0,0,0,0,0,0,0,0,0,0,0,0,0,0,0,0,0,0,0,0,0,0,0,0,0,0,0,0,0,0
"199",0,0,0,0,0,0,0,0,0,0,0,0,0,0,0,0,0,0,0,0,0,0,0,0,0,0,0,0,0,0,0,0,0,0,0,0,0,0,0,0
"200",0,0,0,0,0,0,0,0,0,0,0,0,0,0,0,0,0,0,0,0,0,0,0,0,0,0,0,0,0,0,0,0,0,0,0,0,0,0,0,0
"201",0.159506409306003,0.089864802301114,0.0734126608497538,0.0468872131448659,0.0510711973326043,0.0505505606980622,0.0477548581469591,0.0428435178699715,0.0348723780206588,0.0296700209804977,0.0203126900839433,0.0208893882014461,0.0162313610641996,0.0212215729762684,0.0278115037320161,0.0166884734837274,0.0177249186607677,0.0199552887561629,0.0162847828273978,0.0129664381098367,0.00867040337298004,0.0174673842686141,0.0113975032263633,0.0082348046713026,0.00596479515657226,0.00650053883220162,0.00746409225471244,0.00973925363767699,0.0167798220527354,0.00990605599955301,0.0100340298463979,0.00963453960054888,0.00816624633266924,0.00629883672418499,0.0180914026326221,0.00789165517291661,0.00572610638136457,0.0046759632972987,0.00907482826880649,0.00176170172422237
"202",0.163263642435683,0.0920912814230795,0.0759045514459532,0.047637627745572,0.0516753922460683,0.0499875381194049,0.0483932731031712,0.0437121489985721,0.0347794552193818,0.0286736614682585,0.0194390920308269,0.0215958295383354,0.0160553777982565,0.0204554706674227,0.0270003262825325,0.0166564596400215,0.0170798875182802,0.0207978066613693,0.0165971801669844,0.0130044899363124,0.00773985902375045,0.0161158393008064,0.0101193833058367,0.0074553298718754,0.00504127249828759,0.00632594109934688,0.00607007768932355,0.00905467407900051,0.0158716628872058,0.0102306334160174,0.0091874529358612,0.00949391644889194,0.00772616966793535,0.00549436623784271,0.018549895986562,0.00861349598676824,0.00527475142404217,0.00501247854818865,0.00920528459631819,0.00261702255065229
"203",0.169532688652976,0.0951431137843152,0.0790618787679201,0.0487635587445113,0.0521883995657118,0.0500563641337028,0.0488003457206601,0.0446675185029288,0.0354590732186656,0.027927692691976,0.0193223640199986,0.0221049815353837,0.0156163924202797,0.0203764856876936,0.0268837703849226,0.0168472806324821,0.0163108010561488,0.0210452934838641,0.0159836116664404,0.0118059889202322,0.00635307869918989,0.015535036220254,0.00839534505907067,0.00650805570796022,0.00366576087024767,0.00556493842610825,0.00468954696243808,0.00878654884830102,0.0165350022244546,0.00948699636880454,0.00845523660887182,0.00890884301421804,0.00764404850464979,0.00449080289457462,0.0190684420720418,0.00836380705075769,0.00413264454234142,0.00475467781680074,0.0091106230573527,0.00165296146074925
"204",0.163680785613658,0.0918952042574858,0.0755874231785132,0.0469852894161985,0.0504548392372865,0.0479659482864856,0.0466724151196096,0.0436846313397262,0.0342551695487266,0.0273571387733281,0.019176653998648,0.0225061833709541,0.0155217202512108,0.0200761942055974,0.0261643808693973,0.0171300396092753,0.0164475669260067,0.0219732550598691,0.0159025824060851,0.0128201431274217,0.00720405832198299,0.0151137977668187,0.00859604551212091,0.00774709629441169,0.00475119571942068,0.00637024070345943,0.00547139774845213,0.00974662808828913,0.0176389797579414,0.0102692279623561,0.00954966197158613,0.0102122082165427,0.00871519398448129,0.00644906606842022,0.0193563121783842,0.0100966913806788,0.00588425734810066,0.00692599642128997,0.00978363532828297,0.00386074463149589
"205",0.166601256520711,0.0934131685834812,0.0768087410432682,0.0479395349734997,0.0515347538626607,0.0491431567450487,0.0480142844114305,0.0444550675570672,0.0352896218570089,0.0272149126132239,0.0192427307874462,0.0223276129447584,0.0155668646204496,0.0201953943299082,0.0260903672196057,0.0168709246206502,0.0167690069317932,0.0221324464832374,0.0152806672113512,0.0124963843705053,0.00661003033376923,0.0153563537154277,0.00803800789336455,0.00678134465082104,0.00422543486261142,0.00569215253255022,0.00520002649599787,0.00912224630767338,0.0177529658731361,0.010004902590612,0.0087973610867862,0.00912434426588026,0.00831689911789527,0.00558012564938531,0.0194244876590404,0.00941127927589926,0.00538509084479072,0.00623997327516152,0.00884289403277861,0.00270718184931365
"206",0.167019478309219,0.0938786304622768,0.0766338651877503,0.0481911915411195,0.0521392855720315,0.0495099777789044,0.0482559274110287,0.0442508336138989,0.035091069294667,0.0276518067237734,0.0190830146117686,0.0222775952088072,0.0156276560074552,0.0204093699501623,0.0263846817156178,0.0172765776752741,0.0169034743300201,0.0227260468695803,0.0150825082055381,0.0120395927705869,0.00616878057512692,0.0158231994046255,0.00767018440869361,0.00651732428157312,0.00409027288772078,0.00548863244859178,0.00526556528512747,0.00874047112622602,0.0178800365901197,0.0101410047438142,0.0083797581916212,0.00936544535321328,0.00817592714633091,0.00516697793955785,0.0195664643857572,0.00900694965340202,0.00506816544588452,0.0060753368821981,0.00859095875409729,0.00238596125683885
"207",0.162751475723373,0.0910220091552251,0.0743913707400665,0.0467855253928201,0.0506501266604504,0.0486120212447466,0.0466712355579363,0.0428863592229909,0.0339608872633206,0.0270270040570197,0.0192006769926226,0.0216247256456385,0.015868535298277,0.0204029895222509,0.0257603839824095,0.0170206646099592,0.0172972094436299,0.0228030482398535,0.015326744002111,0.0128752330316933,0.0070737376484028,0.0158511115579796,0.0084403173865788,0.00739260490760944,0.00540203003992229,0.00682344317849486,0.00666981898237261,0.00911358398009761,0.0176925061563502,0.0105968958222222,0.00894607675174445,0.010396821393113,0.00897999823022746,0.00702099800283528,0.0196195166886745,0.00975701341341546,0.00622165087959515,0.00712986507264784,0.010098298127611,0.0038354859937107
"208",0.169576681967421,0.0945292558494716,0.07725789492238,0.047752469233503,0.0528864443725666,0.0500771240755518,0.0487770488986505,0.0442164525646873,0.0346488131815745,0.0278710673459624,0.0196157601597049,0.0215399858693907,0.0155424183361412,0.0198568632997865,0.0265787082443736,0.0166818771314292,0.0170228080401984,0.022668839946305,0.015111893487035,0.0121407691840373,0.00588943969938774,0.0155123397109688,0.0076064024548875,0.00619747228836963,0.00394095064132245,0.00593862488267603,0.00549762422168516,0.00829713826075882,0.0176245484506101,0.00978051498021343,0.00764451082839383,0.00881645495465217,0.00789260938828374,0.00562921623358947,0.0191683129228414,0.00862925108982208,0.00497463739306487,0.00560091957048919,0.00887498275224659,0.0021308731655668
"209",0.165639129708625,0.0918115027731539,0.0749009670051927,0.047002068708406,0.051028417200433,0.0487664873349406,0.0466612981799583,0.0428192531238686,0.0337403134815259,0.0270619773967007,0.0193878385542305,0.0215852204251256,0.0158628625576983,0.0201107494828763,0.0257804082371564,0.0166620018882617,0.0175235252535221,0.0225811491124569,0.0154124155335194,0.0126620564483257,0.00686864090748754,0.0159117290470899,0.00857299392795696,0.00727574098510243,0.0049539016166675,0.00673711160901181,0.0062261636687529,0.00869413019203721,0.0176586697655656,0.0104630166882002,0.00893588646582537,0.0100793165902611,0.00865821628211256,0.00656014698711554,0.0193420305525734,0.0095296110154538,0.00603821628505225,0.0070610488636025,0.010016017911176,0.0034177682329776
"210",0.170612920062431,0.095229922601208,0.0777484780217294,0.0483357446248924,0.0529980518017226,0.0498605911489945,0.0488113418546972,0.0440481004620172,0.0347278571295837,0.0275977908715943,0.0196535227396089,0.0217333991296915,0.0156819985807427,0.0199579955791346,0.0266768387595337,0.016440636852622,0.0173935260555352,0.0223686995982568,0.0154601005542503,0.0120329550454674,0.00561797037721174,0.0158241831209876,0.00754007147128188,0.00589701149252968,0.0036585927055647,0.0055879703859769,0.00519601966325188,0.00817378160860036,0.017408877481691,0.00946718523964266,0.00767591937938914,0.00861576124600018,0.00759052993941389,0.00552451824417824,0.0192719080013937,0.00844338419136602,0.00478594210297604,0.00570589605097229,0.00871702913223092,0.00192697669162731
"211",0.169247057043979,0.0937129579715778,0.076206843566148,0.0474977535086616,0.0520479282566828,0.049088716925208,0.047325994944263,0.0434820644576703,0.0342200931479932,0.0272395499705911,0.0197148214247507,0.0213008980136738,0.0157335238949808,0.0198337195441402,0.0256468353955487,0.0163545165640703,0.0172441533926836,0.0224534931900015,0.0154841923754734,0.0127223821609102,0.00625474780741974,0.0156824799327021,0.00792942988046009,0.00690864570646746,0.0038472474660217,0.00607362459508502,0.00588411815222743,0.00805625530364582,0.0176446048370073,0.00972063986262875,0.00849874073300231,0.00928007375069175,0.00806866883147895,0.00614616443235677,0.0194499054594228,0.00904240141282815,0.00554465053044687,0.00687158462529408,0.00942478411635839,0.00311373681544695
"212",0.166433522976781,0.0924856870849035,0.0763955079162209,0.0475309577841868,0.0517939032426969,0.0495088764231955,0.0474224131681597,0.0438100321884058,0.0347632750203356,0.0274392562623902,0.0196241808695948,0.0220595771530574,0.016133637361823,0.0202231512194226,0.0263555611822077,0.0171276220572945,0.01758454081679,0.0228105016990642,0.0157403386712848,0.0126255800161473,0.00604838918377183,0.015994523783284,0.0077832591829747,0.00681787869415405,0.00388228619753615,0.00596237131716333,0.00560046281022475,0.00826263057990334,0.0176612691118199,0.00998500295360077,0.00871070356688284,0.00946385141046391,0.00811090320355905,0.00582534435033902,0.019633721138226,0.00891285938849911,0.00528466621330332,0.00638224383094775,0.00912454962608166,0.0026849603433023
"213",0.168673300468316,0.0934651875010259,0.0771658414771689,0.04784242491734,0.0522669203137369,0.0499122259021803,0.048279267961341,0.0441807493951798,0.0347433628679165,0.0275376936867717,0.0200560893011978,0.022116120209478,0.0156778121853084,0.0203571851275379,0.0267918053071029,0.0168255216105184,0.0176773402196179,0.0228763149957996,0.015752100946012,0.0120688674104504,0.0055680654625882,0.0160902860930988,0.00745813337355492,0.00626317933056443,0.00341832069206947,0.0056670416000564,0.00551512328321126,0.00814343769720121,0.0176388371312308,0.00977057873589934,0.00809280522597664,0.00911766961892907,0.00786095868839874,0.00531520636732901,0.0194159380170531,0.00856013146477356,0.00479748082806128,0.00586973760489428,0.00899866773388649,0.00217226924722258
"214",0.169377687602853,0.0932219675220181,0.0766712653912865,0.0474490012456858,0.0514711055399263,0.0492385513259396,0.0475044816922806,0.0437529516874349,0.03436604273849,0.0270750650549607,0.0195900165285334,0.0217902956196329,0.0155278985402174,0.0200208960635678,0.0261976637475067,0.0165140075764265,0.0170498538318757,0.0226806713195214,0.0152339783821991,0.0121402459299627,0.00619356633574672,0.0154813350408292,0.00789515513550761,0.0068699144614981,0.00413049754208184,0.00604820989728035,0.00588042195652597,0.0081277213153184,0.017124835914769,0.00991114517508814,0.00860564001210593,0.00989372205861041,0.00837562569763602,0.00597092152623608,0.0190662186813888,0.0088239213452535,0.00563508054003862,0.00661988048972795,0.00951700726531484,0.00295553226872411
"215",0.176427072818756,0.0972480418929456,0.080076091395554,0.0492233100001967,0.0535133324456196,0.0508383039683007,0.0492606707690473,0.0449834267270414,0.0354514484087231,0.0273167964884759,0.0193623537234906,0.0219582334169209,0.0150321450744676,0.0200425370011279,0.0264756074540411,0.0165777129760559,0.0169677847076044,0.0224665100882918,0.0151496808669404,0.0116476991053577,0.00476555709293954,0.0152976969815517,0.00687286111471188,0.00549485307327515,0.00261050164115978,0.004513343711719,0.00430246228896348,0.00733593487312201,0.0170883693797546,0.0089694688378219,0.00747649156549778,0.00873670166432678,0.00710958171498507,0.00440382684349025,0.0191937903842463,0.00788811120673562,0.00376526433160369,0.00502420720493114,0.00817021142627628,0.000962005333928945
"216",0.172176324307496,0.0946286839703106,0.0777254425673044,0.0481828852201627,0.0518256254673852,0.0494628046881168,0.0471143910821887,0.0438315304808047,0.034360884939027,0.0273590682542431,0.0190034319764316,0.0216630326100082,0.0150033224138265,0.0202349426877103,0.0258100043765299,0.0162019999872294,0.0170957318535182,0.0220937498737881,0.0152867786923882,0.0124532603175333,0.00589494514662165,0.0146742060284375,0.00769631135111556,0.00674823911623712,0.00389742071670396,0.00612950324866778,0.00532739438741909,0.0078495559634768,0.0172836266060178,0.00956510938372422,0.00757073939456742,0.00923982145755357,0.00789779268221827,0.00597769358542896,0.0195840200651467,0.00872163914951855,0.00543334120923401,0.00679695218310153,0.00860626859195865,0.00359152396684766
"217",0.169692547117899,0.0932376036379524,0.0764691906284642,0.0474449216572686,0.051230902366194,0.0495263876531304,0.0472259706049087,0.043483622455244,0.0343389690981821,0.0273154136569466,0.0190068094510836,0.0215472980813315,0.0154383641869399,0.0204613217576186,0.0255142882173002,0.0162115823442336,0.016952974679751,0.0224246239710234,0.0154401792920562,0.0126105301980062,0.00626759977086244,0.0151038218141803,0.00800698878617906,0.00688082002301402,0.00445353232387925,0.00615634568576524,0.00591278497999275,0.0083207318879422,0.0171701092523858,0.0100564048810888,0.00857733907197708,0.00966340215961402,0.00847441402497708,0.0063391225533102,0.0191657150389846,0.00920659829954367,0.00539914461062788,0.00678431735081842,0.00921612487130367,0.0032711815580196
"218",0.16945929775781,0.0939560591919005,0.0772522654383828,0.047881648690581,0.0517327406089873,0.0501186880918673,0.0481409422100103,0.0444015738142115,0.0345918726871219,0.0276054094186005,0.0192693451301768,0.0217211377780247,0.0157328111703275,0.0204359115477099,0.026051694462474,0.0165911159928217,0.0171730085321323,0.022898646893628,0.0157318426860623,0.0123346883182282,0.00564100265021086,0.0155049265782264,0.00774759302337006,0.0065424512567776,0.00385614405467453,0.00579362862132206,0.0054656600154257,0.00806614052903497,0.0172728745577206,0.0099507149317743,0.00815980624869038,0.00930647346685718,0.00795997002415063,0.00560690447179353,0.0193910818855612,0.00876150752681925,0.00479591413860137,0.00592106783336277,0.0086857322044776,0.00248970556009102
"219",0.170239364450068,0.0940995982215402,0.0769906094743537,0.0474453147470693,0.0516562783349645,0.0496354486844104,0.047625034386266,0.0439067266481128,0.0341949575337428,0.0273210201856724,0.0189378788743655,0.021263002791065,0.0153067319278722,0.0200502970338779,0.025799802915716,0.0162777942718876,0.0168259556002767,0.0226293252626732,0.015312684525435,0.0122342595908925,0.00611643913406988,0.0150415080825341,0.00801456067115339,0.00697347832767659,0.0042362372800728,0.00614752368680278,0.005831294434881,0.00838217166439879,0.0174388754601246,0.00989756469424394,0.00824292783991659,0.00967862711824985,0.00834205649276934,0.00583806121639235,0.0191942405957131,0.00890711038375174,0.0052906389192147,0.00638640334265896,0.00926931698550882,0.00301887820960513
"220",0.171689774902208,0.0953924363327158,0.0780001226752222,0.0484791445565162,0.0522050939106524,0.0507590876969365,0.0485364126126622,0.0444804557058376,0.0344190115743011,0.0276994911531237,0.0190261696156164,0.0217142319636046,0.0155513338909456,0.0202339709094308,0.0262564273814601,0.0164884945639891,0.0169998258370859,0.0232003896115032,0.0155479688672193,0.01208754842289,0.00545901693587208,0.015188884423208,0.00747177500468062,0.00634108676637983,0.00329112493130074,0.00551556154114264,0.00501767557999223,0.00779175562451805,0.0174533735828322,0.00966439801071817,0.00782930626358314,0.00926931306525966,0.0077117817820124,0.00503071596829372,0.0193512286532958,0.00844805993506723,0.00435860241600141,0.00541962837457635,0.00867083931038088,0.00194847964696415
"221",0.167248637435477,0.092817686329876,0.0756253617518767,0.0472444733221767,0.0511709493269169,0.0490947158730368,0.0467649876156004,0.0439378510118858,0.0338239714093928,0.0277023860488684,0.0189716896209919,0.02167397913332,0.0155363553982419,0.0201978885991286,0.0254706074702993,0.0162295391317398,0.0171974690501858,0.0227709039382126,0.0157216945464167,0.0126377007237309,0.006236803337593,0.0148853910879305,0.0084819375047236,0.00714766767778166,0.00414184022809895,0.00634517733945478,0.00606369781903641,0.00859612736287185,0.0176387798590176,0.00972446047325998,0.00884640410177999,0.0100004596594532,0.00857649338881654,0.00635766032898666,0.0196999521659237,0.00952209446140647,0.00558711321666525,0.00713672566693407,0.0096189326291824,0.00355343395370926
"222",0.17564605196013,0.0967955737239075,0.0791891175253691,0.048587403723521,0.0535002542125309,0.0509280094208337,0.0496231968755099,0.0451902051842926,0.0350034364326432,0.0279020670243873,0.0193223591276475,0.0214185242764842,0.0152896713170707,0.0199719337125233,0.0263856348916739,0.0163425843716164,0.0172039783504389,0.0225146870830367,0.015333713169247,0.0116116708304873,0.0046020954242441,0.0149495054463714,0.00719520454527506,0.00557140941659131,0.00275817034273279,0.00510375534579584,0.00444790375796429,0.00755847112117783,0.0172313502803558,0.00870785124525388,0.00739678146076179,0.00837625610930968,0.00699391629241859,0.00502051803561013,0.0194052991107792,0.00819140420640768,0.00381955183495826,0.00545742745527068,0.00804334069763957,0.00140971465773071
"223",0.1693425202026,0.0930728583683256,0.0764074347256267,0.0477566372993428,0.0518382383317181,0.0495400262498067,0.0471208855305511,0.0441866960870892,0.0343438393310227,0.0276052071200911,0.0191989320776305,0.0215033683154278,0.015108384500913,0.0197218559860303,0.0255531798233213,0.0164221378361174,0.0175727048932568,0.0226157089644633,0.0152886668893445,0.0122834578350321,0.00636482850295204,0.0149069547619063,0.00802916412895542,0.00721234201663751,0.0041102450390757,0.00617580002247327,0.00575914217105037,0.00842567028580874,0.0171555800258491,0.00942639395379182,0.00793711487471361,0.00940750247780594,0.0079611513400073,0.00639083827571214,0.019908272193422,0.00920781353040319,0.00571123498170596,0.00686439800032808,0.00885320781868441,0.00370960523100541
"224",0.167216529709817,0.0927724596777995,0.0761066126815657,0.0476134447911118,0.051502551680692,0.0496125038847132,0.0478249647737442,0.0442305315236912,0.0349180278188715,0.0275011279618001,0.0193353827455168,0.0218377838351393,0.015682492503249,0.0201793120581737,0.02606323551338,0.0169082808902759,0.01757707359432,0.0230318223448627,0.015501383711103,0.0124454314596762,0.00615299979974217,0.0154148227687944,0.00812500974199366,0.00690146729964963,0.00421445302786081,0.0060334439609716,0.00583328059270832,0.008529304182078,0.0174011375896783,0.00989671776464949,0.00785432562947626,0.00955541849008714,0.00807256763723305,0.00602575507793315,0.0199881639013364,0.00909093659640717,0.00507970202464336,0.0063061131213101,0.0087518399210144,0.00291158771292981
"225",0.174467037292367,0.0965182810032916,0.0789582153303647,0.0487560175552526,0.0531065221404573,0.0508626956840888,0.049065376243169,0.0455525011808756,0.0353685934677289,0.0277799915703088,0.019270191776527,0.0217238843689646,0.0153732321154519,0.0203121763435913,0.0266284107571934,0.016573357214365,0.0169916286357501,0.0227232182638906,0.0152988643555948,0.0113483770678369,0.0048790543113352,0.0152143825639804,0.00710696800671244,0.00603791488534864,0.00271600147956088,0.00499638803487813,0.00470125808551714,0.00751486901652838,0.0174122897804858,0.00925644801869112,0.00714505628778053,0.00864958447131459,0.00729243564994322,0.00469279762285863,0.0193916594007413,0.00781525218870452,0.00372501090558184,0.00514287871611428,0.00817151128597394,0.00145966692087939
"226",0.16859800007259,0.0932474764705319,0.076346464690151,0.0477725964941869,0.0517676676536874,0.0491315913055354,0.0466870013284946,0.044249171205826,0.0339387027783731,0.0276994455186582,0.0192263494757656,0.0217549742807642,0.0149735536546866,0.0198041862785363,0.0256269875248735,0.0165196973935549,0.0175329467903265,0.0228935929362917,0.0155446939743409,0.012371560264344,0.00644178041414212,0.0148646983544033,0.00805439990859586,0.00733430282180855,0.0041822291908228,0.00594112491436948,0.00595354274357684,0.00848850538373646,0.017461430527486,0.00936742049810241,0.00792347404034932,0.00943459407807395,0.00826260024473119,0.0063556487860039,0.0196277988893907,0.00916325976536187,0.00575928114610202,0.00703341790121882,0.00896584784363242,0.00369798245657349
"227",0.172438780371098,0.0951722238219919,0.0780513815872169,0.0481528509639068,0.0527590699432993,0.0503583656724273,0.0485427784116046,0.0450390290139014,0.0350472299699548,0.0274317200018002,0.0192221275710093,0.022019241274675,0.0153325641081311,0.020087513776832,0.0262615438413202,0.0167382030325211,0.0174714553293814,0.02275190692346,0.0155013650916936,0.0119101656388068,0.00544207693402794,0.0151151676384799,0.00733513149763211,0.00620732037120199,0.00316345666110783,0.00519726839091214,0.0051090622303716,0.00793238003745034,0.0171373659994391,0.0090794470697823,0.00749475320136457,0.00886492545874455,0.00763198892205981,0.00535925498069639,0.0196565136427892,0.00837404809234386,0.00443187981990978,0.00591312933742416,0.00818205500058039,0.00208325836865049
"228",0.170716924047717,0.0940134064119932,0.0768862253371898,0.0477389979718065,0.0522536117441155,0.0495552730023257,0.0474977399059239,0.0443496136738847,0.0340820770359357,0.0273990020000443,0.0189014813388489,0.0217065295651563,0.0152910228394179,0.0198454310786652,0.0257394752518648,0.0162760363960799,0.0172965476579089,0.0223784829101213,0.0152805771420006,0.0121038658344711,0.00594485450529184,0.0145922897997789,0.00785434784781601,0.00704271035341182,0.00394302521645202,0.00568213231688628,0.00581857458634296,0.00827886737076359,0.0173953340740835,0.00932429789258941,0.00793453739919959,0.00953964318027149,0.00804994599384477,0.006002877422888,0.0197413177806511,0.00900418734740594,0.00537137018661456,0.00683922869073135,0.00904182649871038,0.00328631039079566
"229",0.168507454700909,0.0937503324931488,0.0765708457834726,0.0480806188044476,0.0521543644468799,0.0500351023138329,0.0480144683021641,0.0442357721400185,0.034560536272665,0.0275544898199463,0.0191496318317128,0.021770329300306,0.0156616811902002,0.0202208899678354,0.0259738292751318,0.0168094341487887,0.0174686334733533,0.02316517720474,0.0156658849765799,0.0121832407970417,0.0057390393317389,0.0153095328162282,0.00778527701626062,0.00677018666856655,0.00385283110353476,0.00544376993111089,0.00571034129064532,0.00838261458112877,0.0176527724343346,0.00965809383679185,0.00773795315104249,0.00943338102353402,0.00803280458331888,0.0056339739966542,0.0198937012198691,0.00899367964578746,0.00492919308536364,0.00611880524427839,0.00885721405457596,0.00253211774206152
"230",0.166306573120165,0.0923182583875682,0.0753545658670421,0.0469180076275614,0.0511030110858499,0.0492315913607698,0.0472178479775632,0.0433465907251335,0.0339540201409471,0.0270520639076546,0.0192919822678404,0.02151993187528,0.0158178481723184,0.0200322998444914,0.0257187785149921,0.0167289932801016,0.0173699299521144,0.0227687127726394,0.0155100489222859,0.012272893528701,0.00663648325421893,0.0153982221237454,0.00829313243766549,0.00735793627323133,0.00455542851348076,0.00619014381999067,0.00655720487392467,0.00873318834486854,0.0177941487583369,0.0102994981981403,0.00869154231067505,0.00984833812826036,0.00880563198222523,0.00656191275578215,0.0194899057367109,0.00923947763886531,0.00580863105352029,0.00691797108081581,0.00939424641497419,0.00359300696954858
"231",0.174032666861991,0.0961914638783522,0.078313578947498,0.0484155431299685,0.0533239266966316,0.0505477838319114,0.0494321621417521,0.0449527244457768,0.0354950821478665,0.0272926618084222,0.0196735162707309,0.0213674015310807,0.015239239392041,0.0196393664706686,0.0266553951305535,0.0165215555963359,0.0169106620984756,0.0222076867642227,0.0154468058676519,0.0116482293587142,0.00525305232029364,0.015585405678881,0.00732402320852324,0.00571502775940649,0.00321376688962151,0.00515681128589724,0.00485439484351164,0.00803237110118645,0.0174108023061972,0.00906550984246884,0.00737993104990973,0.00821698866751805,0.00739714327192444,0.00534443995551458,0.0193516012697322,0.00792201381829719,0.00406593339297679,0.00538300511623415,0.00840124731179611,0.00161907853946464
"232",0.171846299694045,0.0946406901681159,0.0769300525551629,0.0480151625745051,0.0523946087636897,0.050071153424,0.0477032835073113,0.0443792955508352,0.0344592760618136,0.0276497196283646,0.0190706183383007,0.021413199645591,0.0149490617413849,0.0195432856709451,0.0256117551036044,0.016386615211062,0.0174355423372083,0.0226085466845712,0.0154054167677131,0.0121177178726879,0.0060625457215969,0.0145815098665606,0.00788195695319001,0.00664803153135516,0.00389191236720618,0.00567480903777798,0.00575109693713344,0.00817871046340288,0.0170747572627012,0.00904673984241125,0.00765231181228444,0.00905620221931426,0.00789424210329231,0.00592852061677801,0.0194588297873675,0.00893411163986068,0.00519521530164215,0.00656451571826173,0.0087434002013476,0.00314927931560377
"233",0.162781065482049,0.0903699922825283,0.0738616678950991,0.0462818117811378,0.0503888209992986,0.0485583511134297,0.0460476661788352,0.0428480243259099,0.0336650373117126,0.0274558458248668,0.0193259196592732,0.021650146031162,0.0157001075282084,0.0201684529677012,0.0256199064318791,0.0169704391247186,0.0177726619784273,0.0228061906328801,0.0158657910068611,0.0126182598405295,0.00707316738905374,0.0153661872278404,0.00877392817187958,0.00772982348056371,0.00579299348410911,0.00688718802183973,0.00684939912285257,0.00943420567757858,0.0178646988975435,0.0103848811953108,0.00855157836628689,0.0104648165732963,0.00924018199237831,0.00721717423797176,0.0197143784808218,0.0100404288659271,0.0063421578762106,0.00753451345606178,0.00987386358850843,0.00410827549745761
"234",0.167377377919593,0.0938063833165476,0.0764641127738756,0.0470249106063413,0.0522848573874665,0.0496867676239499,0.0485019710087465,0.0437597924941123,0.0343470747921182,0.0277695820655055,0.0195879363335826,0.0216868456945048,0.0156194520098618,0.0197983215515966,0.0262798910908861,0.0167665712801172,0.0177571579967924,0.0223297718831616,0.0157770983981943,0.0120621494248334,0.00605905440940857,0.0155611288215739,0.00789009880961068,0.0070493729292921,0.00456082700730796,0.00633126370242419,0.00584944211707797,0.00859051127378283,0.0180249455147821,0.00957969346259421,0.00772912317160967,0.00890740538059324,0.00843866065021214,0.00614715607423735,0.0189214312875508,0.008969338167347,0.00557545288338887,0.00611145078731912,0.00860039813990838,0.00241521975819151
"235",0.164346740223971,0.0916413301728191,0.0754195504594286,0.0472567241213202,0.0516716971258992,0.0494915264086194,0.0481988740820493,0.043527853735166,0.0342272525009436,0.0280979664577577,0.0198196529007862,0.0219739249736399,0.0159142960869923,0.0200987889726672,0.026600184037426,0.0170499168379533,0.0176487197868079,0.0224589635451851,0.0163460343061585,0.0125003706570937,0.00615717511524436,0.0160822628021171,0.00847522817769317,0.00711330357255216,0.00444575266287186,0.00657033093965504,0.00599758636493203,0.00895032626357089,0.0180703081423044,0.0102174626457679,0.00824637966104243,0.00939592558374562,0.00849142586354829,0.00576445527907267,0.0192988659681534,0.00894031074444341,0.00550460486135323,0.00615587057836332,0.00915825693471562,0.00267380044616898
"236",0.166828691260232,0.0931943550106473,0.0764331706356091,0.047432914722219,0.052286096245827,0.0498765522531628,0.0487130121937877,0.0437198290601343,0.0346556176865575,0.0283690239152762,0.0200135027078065,0.0219697386286759,0.0156433811686775,0.0196125486780707,0.0267895110569433,0.0169933194014776,0.0176073191142507,0.0220383694094625,0.0164086757783575,0.01245193128183,0.00544536200586247,0.0161812161963355,0.00824948665792928,0.00643390157786439,0.00397452941259044,0.00617380565786854,0.00566823984125629,0.0088606303727983,0.0184490415513632,0.00970849192241106,0.00760617742957084,0.00912385032555916,0.00796294320740408,0.00521496702815618,0.0193914572139496,0.00862747489374799,0.00504995412401832,0.00552374241474494,0.00921180191901528,0.00210536603854824
"237",0.170070657566134,0.0945877889791495,0.0774861542754898,0.0475853739988974,0.0522792395351571,0.0497872087031675,0.0487437106200913,0.0437654497352346,0.0342432977513028,0.0274392286957167,0.0192961172287115,0.0216589058345698,0.0154031730138491,0.0194509130483291,0.0262856389052177,0.0164733829313281,0.017110982668504,0.0219336557938608,0.015817516013645,0.012284635930419,0.00576841121947295,0.0156339929249744,0.0081939975069237,0.0062425474795485,0.0043341057355176,0.00605702390874515,0.00554731096962321,0.0082179274927188,0.0175036312560322,0.00938079207050323,0.00780957028927853,0.00928492331331776,0.00814406114984926,0.00574151801277977,0.0192207100478712,0.00829594795960933,0.00533342470533964,0.0059556700897751,0.00924465448235972,0.00238674815698442
"238",0.174352683383739,0.0958883909516393,0.0787507357387913,0.0480815006453887,0.0524455539395602,0.050077427481045,0.0484306328515622,0.0441477600036951,0.034230051622807,0.027490686640476,0.0189170894947676,0.0214663165431181,0.0151847264256204,0.0196934786403347,0.0259377233986047,0.0160488737604162,0.0167269364051828,0.0219659358889643,0.0153192984191857,0.0119558328744167,0.00567013049704749,0.0153956478372865,0.0078217154941144,0.0061550081767778,0.0036722325481303,0.00568153572561449,0.00521493610706647,0.0075344655308419,0.0175128823716531,0.00935088158248266,0.00773731483975596,0.00894453788296505,0.00773001378700419,0.00527184920072351,0.0191276405627672,0.0081614895950692,0.00505201107057843,0.00578499945172002,0.00879323086064588,0.00227584176844072
"239",0.168275062334689,0.0929307295851622,0.0758949528008303,0.0472857052757294,0.0511372825638574,0.0491475947135261,0.0468427081404291,0.0434589215691747,0.0341059129774515,0.0273453861340822,0.0189905459366764,0.0216693126636629,0.0156181381214738,0.0200415951457928,0.0254014264361403,0.0163201267694145,0.0175549242511088,0.0220902330520061,0.0157895962244152,0.0127621166378989,0.00631917041459823,0.0154688755204579,0.00867017627616297,0.00712726717154183,0.0038558010444834,0.00648939679673942,0.00619921306243159,0.00839356073966763,0.0177827806984158,0.00969592405805801,0.0085257384691434,0.00978383204043347,0.00846927094056773,0.00614288518632769,0.0197211488157301,0.00937644694398661,0.00545162717373805,0.00672675238758062,0.00942928568844179,0.00370857523797232
"240",0.163638903162266,0.0911983665125229,0.0750762461954357,0.0468440948800463,0.050988931353511,0.0489935351017134,0.0475708431851777,0.0436393466258572,0.0344818241996337,0.0275159046604693,0.0197342233301557,0.0217898805823591,0.0160754801598553,0.0204302145065738,0.026234335434602,0.0170965698200378,0.0175456713187224,0.0223336864378858,0.0162135961377221,0.0128455094728319,0.00633119274444069,0.0159706568847212,0.00864581416520023,0.00716390358051817,0.00444535345443998,0.00673367933882083,0.00644666203125423,0.00881035389257008,0.0178928819101669,0.00996985475712072,0.00859241925983234,0.00961995008061673,0.00852027038977987,0.00653282606104446,0.0197928744557265,0.00941912014142706,0.00544257186343001,0.00666647239815485,0.0093802711516538,0.00337570836170229
"241",0.167712494402244,0.093487885045971,0.0767204617821651,0.047553679862001,0.05269123147641,0.049290300584037,0.0485636685266598,0.0443129873234782,0.0350057824318582,0.0281372107132585,0.0200644504615102,0.0216641463495025,0.0159263634515471,0.0197275651964419,0.0265190978643552,0.0166402024582199,0.0172898054858005,0.0221273574589488,0.0164291943772776,0.0121446526868819,0.00548975355708561,0.01601735813433,0.00812185101862108,0.00650312933160903,0.00374197148347747,0.00614262222571288,0.0055012014021278,0.0083889469453888,0.0178855496635914,0.00954817062913795,0.00798131380850495,0.00883973658329449,0.00794171723082819,0.00568581444192967,0.0192980697389326,0.00868093232275771,0.00482519298144738,0.0060348704502713,0.00901517423003945,0.002348085882344
"242",0.171354871870606,0.0944799573806395,0.0778254848670672,0.0477419463273154,0.0525003140009652,0.0494608389814091,0.0485916371358163,0.0442871441324977,0.0348226431427852,0.0274755421842003,0.0192779801397594,0.0215119907884175,0.0154222542662606,0.0196399682269351,0.0262627898258553,0.0164002816842968,0.0169890841426234,0.0215774461402372,0.0157857649186326,0.0120172758695839,0.00583446026760449,0.0157226766485307,0.00791641356108453,0.00603312006766892,0.0040384756510773,0.00619095748392182,0.00504026856059718,0.00786118691808618,0.0171881386445958,0.00940080793056643,0.00814751834614916,0.00911735506968452,0.00798676702837386,0.00565017327580562,0.0190321957686019,0.00826593134753724,0.0051375394846154,0.00618994983055792,0.00928378219611265,0.00253706589292499
"243",0.168983289599007,0.093048485935535,0.0764815037949649,0.0470700262104408,0.0520047832219038,0.0490203116480876,0.0474043402308103,0.043779361434461,0.033964844819958,0.0273395489393104,0.0189633063813608,0.0217684955997251,0.0156215691342209,0.020074860976976,0.025972123973161,0.0164445597914191,0.0169281298211028,0.0217552990237207,0.0157494965854506,0.0125469519682734,0.0062725414226367,0.015584599149948,0.00845595966334976,0.00667896616506687,0.00448096383019529,0.00641395162375069,0.0057270658175934,0.00796268980224047,0.0176105825395936,0.010069587870898,0.008566227219262,0.00955544709039786,0.00803144070578025,0.00608272249817773,0.0192594990405101,0.00884042407918431,0.00580918384149279,0.00686238864839558,0.00958707195987752,0.00322739794175997
"244",0.170469482882304,0.0942492823296717,0.0778385415136773,0.0475330269379408,0.0524006901839666,0.0500390982984062,0.0483097706721759,0.0444206753127307,0.0352212645948109,0.0274641130778717,0.0193833121216197,0.0221671403024321,0.0156262483707105,0.0201360368171516,0.0266974510962176,0.0166222521835059,0.0169709088180599,0.0217544168057146,0.0155412062119511,0.0123083613233284,0.00579122716176149,0.015743150483292,0.00784906632611685,0.00589762891224538,0.00371752445779018,0.00576142409614626,0.00555378241706389,0.00775788079675739,0.0174319932039727,0.00960033650306809,0.00802570590973834,0.00896534831423287,0.00770573259569,0.0054741274472222,0.019533542460434,0.00827042261034635,0.00469390905236877,0.00617456053915819,0.00879105897196466,0.00210829788638378
"245",0.169744324555838,0.0939009900809542,0.0769728624103317,0.0470915710506003,0.0519827313614482,0.0494246809187276,0.0473973448446953,0.0437894345105632,0.0342118666181842,0.0273392285004586,0.0191735808229886,0.0216317111434372,0.0154707777214567,0.0201510855923971,0.0260978312603239,0.0161404693258649,0.0169517598517342,0.0217762680826824,0.0152515653686431,0.0122629475967166,0.00616090771997634,0.0156045561876472,0.00808185294408918,0.00667680124335415,0.00437627763579126,0.0061806737366107,0.00586249565456139,0.00781833144180698,0.0176277811058816,0.0102990727227288,0.00839056720024702,0.0096269049518658,0.00830916031998356,0.00586563749076104,0.0192664168457132,0.00862106520368196,0.00556991280542956,0.00658633983517179,0.00920678941274618,0.00310542392390615
"246",0.166550999617628,0.093161192581856,0.0762306802533321,0.047437424506581,0.0516699779003009,0.0495999771918663,0.0479613401349094,0.0438036572540654,0.0345689429309165,0.0274365933866283,0.0193736516752848,0.0221009873749453,0.0155141350640483,0.0205297701106568,0.0268705518633886,0.0168746635728029,0.0173182881993218,0.0224111354684934,0.0157390502048908,0.0124607018985108,0.00602553475594565,0.0160108055743683,0.00795654549965475,0.00658173044852381,0.00410182352304084,0.00602982061629763,0.00594495404202806,0.00813148232274583,0.0179681132861786,0.010344040887799,0.00832045564720005,0.00959966108825105,0.00816369991797101,0.00573120680576245,0.0193998592111046,0.00883693835995527,0.00527255962839464,0.00620070468325932,0.00909789651197455,0.00266844599911724
"247",0.175154860866965,0.0971668006323894,0.0795284658993804,0.0487483011442422,0.0533506871641104,0.0508656893073922,0.0497428016433808,0.0453757372259496,0.0354121213336674,0.0278028358279821,0.0196894892737348,0.0219441389017968,0.0150085645790168,0.0199541061029021,0.0267796560356701,0.0164096538157823,0.0168661858143157,0.0224914907732897,0.015294191919528,0.0115362046355808,0.00474715360419755,0.0157044874866085,0.00653574217239876,0.00555638911768995,0.00260145659593483,0.00486712548021556,0.00483003668948813,0.00719393099002292,0.0176506682233568,0.00935392271036298,0.00703275746513061,0.00847529099275189,0.007252320383307,0.00429768960732376,0.0190188279070756,0.00781322608520084,0.00378780873777224,0.00487698139211338,0.00816561511642385,0.00111658634554835
"248",0.168188097534005,0.0929799072440135,0.0760465341900371,0.0475998593362014,0.0515747119288187,0.0487760583407819,0.0466998644155103,0.043339683990634,0.0341486272279687,0.027521859818542,0.0193563037861867,0.0217620478059728,0.0149643585671107,0.0201723830283178,0.0258717941613138,0.0164233808606241,0.0175626852326168,0.0229228433066688,0.0154793125733991,0.0123198940394276,0.00664806128578614,0.0150798306171971,0.00797175887792744,0.00748690372983605,0.00442328297508589,0.0062671854691572,0.00591818471330206,0.00815803339129586,0.017361096816292,0.00958446216776449,0.00812667752461173,0.00975159990400677,0.00846518624393845,0.00630425075057884,0.0194255639015231,0.00939966283641192,0.00592485358995958,0.00716693587812184,0.00907503349126635,0.0037512284477869
"249",0.167045067302696,0.0931767006013215,0.075999175666893,0.047480865077669,0.0514875183457166,0.0492651270588977,0.0481988289686149,0.0440689832097261,0.0348604541078224,0.027345827483426,0.0195520747208735,0.0220211434147875,0.0157182639615181,0.020201734844601,0.0261310523649288,0.0167528966630588,0.0175735622099335,0.0226502264362812,0.0156818224498162,0.0122773632178814,0.00622136587165595,0.0156926050561568,0.00796276480922973,0.00671216425348938,0.00413099759579692,0.00626404705272022,0.00588343627778358,0.00828306889575619,0.0173062438554446,0.0097293218966604,0.00810285739410787,0.00951262447164208,0.0082398269726965,0.00612560400258893,0.0197489338508877,0.00894406704169633,0.00503542500819845,0.00689739450985661,0.00878815624682467,0.00293040683034376
"250",0.168462058264916,0.0935379947339188,0.0769476978081697,0.0476634936290749,0.0522410987774316,0.0494998346669507,0.048404790287841,0.0447148608607134,0.0349137455972297,0.0275816648692081,0.0198182472467639,0.0221215569595915,0.015524282693123,0.0202226037800033,0.0264766524928161,0.0170982832933853,0.0174200844492345,0.0225148739225632,0.0156368933118948,0.0119982574177172,0.00570394756514032,0.0157881711203141,0.00763187695042794,0.00665336221064653,0.00359533097558724,0.00602520758384646,0.0056581668264541,0.00828693988029749,0.0177235278142616,0.00972794441249964,0.00781445611438238,0.00910679071043002,0.00799830816372023,0.00555254002591866,0.0195541609140635,0.00835450639964709,0.00459224694326888,0.00633941780020644,0.00868698240064479,0.00240714012569589
"251",0.169995806423787,0.094031004351307,0.0766035871878676,0.0475357612402427,0.0517115099998227,0.0493904518732306,0.04783521904251,0.0443082452051981,0.0346728969837759,0.0272031337115783,0.0191155822306522,0.021438605247936,0.0153244072227826,0.0198990155591809,0.0260683356663324,0.0163262689053752,0.0168795025903749,0.0224610326124525,0.0154386204787112,0.0119529940597876,0.00622653450707207,0.0155196691786915,0.00800902009481974,0.00651995267902669,0.00440970185697097,0.00617031261481824,0.00593900797489797,0.00807220583433846,0.0172641272554839,0.00975696850161575,0.00819626929647508,0.00962576372579086,0.00850400815187366,0.0060459508720552,0.0190885684939166,0.00876331237179122,0.00501920736020875,0.00636916719436333,0.0093114702450715,0.00299680119781251
"252",0.170287063534273,0.0944822057280966,0.0774306277109366,0.0478581687742044,0.0522430826932536,0.0498413074894887,0.0481857000006405,0.0449929393923082,0.0350316871100243,0.0274058597927373,0.0193497046684823,0.0218018701401634,0.0156423216752427,0.0202932391693633,0.0266526894640259,0.0166187618095879,0.0173392419914189,0.023115198264262,0.0156550583842205,0.0118994668255677,0.0056694438633831,0.015652629213203,0.00746011444434782,0.00640437705638104,0.00356476150729467,0.00560104981064638,0.00534967627510596,0.00788449218943594,0.0177064319177939,0.00978038136227666,0.0078666148307594,0.00914717188707212,0.00790098413498646,0.00526168506655347,0.0193668799620205,0.00820956151910504,0.00445439587731218,0.00570864785472325,0.00889670503734549,0.00198780157195592
"253",0.168174043425261,0.093393830517841,0.0762372059745172,0.047054530878657,0.0515332148860448,0.048791139621676,0.0474915907265171,0.0439548850441517,0.034343087539486,0.0274163152122637,0.0190934842050429,0.0216993138148497,0.0154390227214696,0.0202048653096207,0.0258487087278912,0.0163208110673129,0.0170877086384023,0.0225155554147783,0.015389954213922,0.0123591181223566,0.00640117403263357,0.0150145843091226,0.00800956461719972,0.00703280430454262,0.00400954436942912,0.00584371758508948,0.00600308757347075,0.00820564766767144,0.017479869227905,0.0101108063801032,0.00873434901236842,0.0101781742797122,0.00864481015987649,0.00623279680798545,0.0195020548674491,0.00902107223048583,0.00554043133488133,0.00681675856839648,0.00948829007604652,0.00338207653356822
"254",0.169440671014242,0.094360579101987,0.0772716904464695,0.0476871484654443,0.0525650914226124,0.0496702864663826,0.0485565124071076,0.0443989254955682,0.0352198021749412,0.0274109849518732,0.0194331235792167,0.0217526008949387,0.0156823101047516,0.0199503309294214,0.0262708125313245,0.0165681701120746,0.0171821343532895,0.0228575764252592,0.0155624588584839,0.0121639953856312,0.00579841261343455,0.0154518320784616,0.00761072760636228,0.00631621259141755,0.00364519598001332,0.00538775548441888,0.00545723359147184,0.00814602013803266,0.0175425118980484,0.00971866628223028,0.00805973018653979,0.00929881973059643,0.00793759745719497,0.00569747011812816,0.0195735562715848,0.00849847044022045,0.00452313845655165,0.00616763923349728,0.00882215768029099,0.00234164704048519
"255",0.16889761941808,0.0936191606453705,0.0765048003432763,0.0471683361508411,0.0519545732961047,0.0491507405612457,0.0473507402442494,0.0435593933155442,0.0346030617587633,0.0273664243842347,0.0189295531783032,0.0217783004745862,0.0154447552655441,0.0199991814117596,0.0259455483088821,0.0163499977354468,0.0170782182659443,0.0226003941580011,0.0151697807985658,0.012453633853771,0.00642542366128378,0.0151844514374791,0.00790031012087595,0.00666529270719888,0.0040521099429849,0.00547958800226582,0.00592101016751837,0.00811386421688714,0.0176476167329094,0.0100478075518789,0.0089411893531177,0.00994109867426319,0.00873916260500559,0.00615826475728588,0.0195797540939312,0.00878191943955955,0.00533764847135641,0.00674494983455008,0.00914061529468814,0.00327370936644571
"256",0.168826317100326,0.0940356556800062,0.0770057569154764,0.0475855787992039,0.0524209951771928,0.0494945870224573,0.04827845789193,0.0444880757471208,0.0350978047651722,0.0274781461356594,0.0192910279322544,0.0219933629804525,0.0158238064941494,0.0199909004927191,0.0263934230702332,0.016893422352109,0.0174434100319561,0.0228336871976693,0.0153924318585326,0.0121444718946663,0.00602580780668524,0.0155527288803994,0.00766631486152086,0.00627953508698857,0.00367321480584305,0.00530553968441668,0.00550770553963879,0.00823889304255113,0.0176791611546297,0.00969912576086876,0.00841760087784298,0.00927780213542687,0.00807636497123595,0.00561683650203973,0.0197519609036813,0.00851569932772165,0.00448506208293518,0.0061882349727155,0.00868146655385779,0.00244962550971365
"257",0.166134667108552,0.0924376439392966,0.0754221236114544,0.0465026110569009,0.0513457921836941,0.0486857839144914,0.0468292972545037,0.043604730089829,0.0341874912874017,0.0273646347422722,0.0193333461110602,0.0217081393897686,0.0154929083156287,0.0198267104956866,0.0259092312580731,0.0168975916535282,0.0173024351327901,0.022637493480411,0.0150367194871337,0.01238756303488,0.00683192803901166,0.0156824451856883,0.00827908642422498,0.0072536396689023,0.00474631107550396,0.00616214056900242,0.00627162883690119,0.00852445892510026,0.0177798856038952,0.0103355549882574,0.00878235525450114,0.0100983604219337,0.0088559052948812,0.00648998434604806,0.0194561780402726,0.00892657959520995,0.00584596543024958,0.00725734518576267,0.00955987543989414,0.00381345812740338
"258",0.169718521212263,0.095234856570523,0.0772407098894978,0.0473786809923935,0.0528528775424299,0.0498290726790709,0.0491799652053146,0.0443549105002643,0.0352190915177365,0.0272955088830732,0.0196487804665489,0.0218101875210358,0.0154552304220654,0.0196217316262183,0.0267672517401005,0.0167265714102687,0.0168793564953624,0.0224410572498793,0.0151828711433533,0.0122831136424042,0.00577112831753337,0.015866828903703,0.00768901621950516,0.00615275653894402,0.00387393300821818,0.00550697983968692,0.00531105594510385,0.00846803090795006,0.017132317396735,0.00950910809914343,0.00781509542874205,0.00872957804667198,0.00754905150649108,0.00566704896660263,0.0193747913159517,0.00844529045747842,0.00485280585961334,0.00605738272526536,0.00884054670089666,0.00226690710596013
"259",0.16962794967148,0.09433076885279,0.0765872871101402,0.0468647424134254,0.0521274899778037,0.0494067626536619,0.0474093068443657,0.0438346312453181,0.0346355174287023,0.0271757107190909,0.0188452949104501,0.0216400467967605,0.0156774490110428,0.0196936817687259,0.0261365513824984,0.0164388564088974,0.0171512511543332,0.0222516600974992,0.0152691946682634,0.0124346211338354,0.00631839979171656,0.0152740320377214,0.00779772254500002,0.00668321613198757,0.00382869576823929,0.00553387200317868,0.00551745835341065,0.0083270701615943,0.0174995004469468,0.0100426812381449,0.00873866026770634,0.0100380860983727,0.00819981122896181,0.00607001805261257,0.0194115665190038,0.00856812034872946,0.00556035693409342,0.00678562146844416,0.00920109097723241,0.00306524537781832
"260",0.166136784517333,0.092747236940295,0.075735813584105,0.046682820150061,0.0519964290616629,0.0492814789030542,0.0476159671234079,0.0440953808877054,0.0351295462847401,0.027106366509334,0.0192647235720517,0.0219037978099272,0.0159519945666841,0.0202201453987232,0.0262892414380583,0.0171873944861308,0.0176178844389161,0.0227647621805917,0.0156155684883451,0.0126223558307602,0.00627372432763119,0.0157588429096344,0.00798305771774825,0.00665059001433734,0.00376347739803458,0.00554201313929201,0.00602000261987665,0.00866693089087711,0.0178215220196929,0.0101543917690753,0.0085971664960089,0.00976135845432489,0.00830815387557522,0.0060347184729179,0.0200147673991004,0.00879222664723017,0.00518106049807382,0.00671961618835616,0.00911989701176728,0.00287078997855854
"261",0.16623403349716,0.0929844359285139,0.0756569345670028,0.0468307068512694,0.0521674270224455,0.0492468179959261,0.0479640357986707,0.0443362261335368,0.0347164178545691,0.0271673859572383,0.0195334276843944,0.0222758935783407,0.015646996795373,0.0203910516465864,0.0269888967543389,0.0173115631797396,0.017337629292688,0.0228943009298749,0.0154987290949407,0.0127079382379059,0.00618330993442596,0.0161843957081994,0.00789263726118714,0.00664918373295086,0.00371507693856529,0.00550553507599702,0.00581889499243375,0.00863054916999106,0.0178030869470042,0.0102368923634602,0.0084072408994124,0.0093616125728387,0.00807208951654331,0.00576189790732834,0.0197628027379,0.00868273593499235,0.00500017023123926,0.00642982673677066,0.00939201682715838,0.00261919571108693
"262",0.172450182400394,0.0964629274902533,0.0780916997681082,0.048010276380237,0.0532946453777477,0.0505241699860164,0.0492017901703167,0.0450880288353587,0.0353800384552275,0.0273824656249193,0.0191634254191773,0.0220976964098088,0.0152770891148615,0.0200047972018216,0.0269988750606268,0.0170043487782823,0.0170926143478645,0.0227397918894372,0.0152272678629297,0.0121914757483045,0.0052364530373651,0.0158310854829421,0.00713597745301462,0.00578355522684417,0.00257181202563902,0.00459419318124451,0.00490316834392028,0.00796439341918497,0.0172186525259614,0.00931458113789816,0.00746764652242954,0.00857803867675648,0.00740561820769259,0.00485554557070464,0.0195813775786195,0.00809425553574013,0.0039678474871116,0.0055767550892879,0.00873914229759472,0.00149629487835503
"263",0.164095921270979,0.0915971383854164,0.0742642095798564,0.0467403345911816,0.0510978812620486,0.0485559259657374,0.0463435199276766,0.0435973623274779,0.0337593880945728,0.0274720453101052,0.0193723685583543,0.0219857682061665,0.0155815514297342,0.0199468443711487,0.0254412936182186,0.0164978227898655,0.0177974565859403,0.0228678768230022,0.0158275614260154,0.0130469454295009,0.0069049718153822,0.0153494383710426,0.00857587007001483,0.00744978210674473,0.00426593684618367,0.00645462960404299,0.00647068272506992,0.00909671142748475,0.0173747970798044,0.0100171062437094,0.00906075860645921,0.010251306151767,0.00871098495077987,0.00677007643969145,0.0200730208116128,0.00970619749100352,0.00602256525757769,0.00751834437123277,0.0100119716062443,0.00402563207115293
"264",0.168304705116218,0.0943955884259585,0.0762003696600955,0.047384158849015,0.0528805662682444,0.0494541195247211,0.0490068844072217,0.0444393725868827,0.0344472818552183,0.0278238532563637,0.0194281481759323,0.0216885253590334,0.0154944525386494,0.0195940115514508,0.0263585514781443,0.0166840171370985,0.0174580242553586,0.0224980040792437,0.0159185799027516,0.0121037823621347,0.00596907428777723,0.0159205503747785,0.00787205440919955,0.00633294240455218,0.00349581111731798,0.00611488830058704,0.00550471129358619,0.00865856849499478,0.0173820497905237,0.00962373603163898,0.00787196844467765,0.00913043065844638,0.00776228032810453,0.00584910143858557,0.0194151357744779,0.00890405599032513,0.00499895010889706,0.00621276460735385,0.0090723603618595,0.00234556899257967
"265",0.171402493249472,0.0949074583121649,0.0765970553914213,0.0477838470307556,0.0528433088551666,0.0500338292488427,0.0478499425271135,0.0440727449785249,0.034049205657065,0.0274417482960527,0.0191771854221405,0.0216111675026135,0.0153625207510129,0.0197916114873516,0.0260271705778791,0.0162718850226166,0.0168752844018901,0.0226257018292465,0.0155785791864036,0.0121976603168104,0.00579610415335901,0.0149852503875414,0.00734738883295586,0.0065643536339147,0.00393547188715104,0.00598866154513012,0.00557374524458261,0.00819730448652807,0.017238347882719,0.00959453832790946,0.00816101297220452,0.00933949277116012,0.00817806336087054,0.00560145934642528,0.0189260555350474,0.00883823005225122,0.00507468811004263,0.00641125694875426,0.00900116841207399,0.00274700606483465
"266",0.164306719824379,0.0910950363499152,0.0741431452384179,0.0468531417748962,0.0506461533127652,0.0487975375452109,0.0463745210651315,0.0432036708802467,0.033526178511693,0.0271980443097177,0.019081373252308,0.0216295892322711,0.0158455952209701,0.0201952075159665,0.0255262936401808,0.0168962819766337,0.0172760124671017,0.0226355100580478,0.0159711513134286,0.0126429806265851,0.00691036864843801,0.0157584063682554,0.00864190055639809,0.0073387021793026,0.00488299799462782,0.00680361741308484,0.00667225520405584,0.0088785742076001,0.0175644232682688,0.0105380684541638,0.00933814190932262,0.0102838957013775,0.00919818073990159,0.00664651858007812,0.0196833808118224,0.00965026460890088,0.00600692146407617,0.00733975125727201,0.0102312859128979,0.00378820060428914
"267",0.16714997136269,0.0932464085920378,0.0762895007940583,0.0472308637043865,0.0522281622006644,0.0495177749676675,0.0483434928733474,0.0441671139094264,0.0341851618823494,0.0279423739456803,0.0196036420477037,0.0215406320787939,0.0160244015611924,0.0198346453497856,0.0263027317642514,0.0166585924777438,0.0174690903030615,0.022423253487029,0.0161236530333102,0.0120787530117304,0.00603349057831758,0.0160980838727476,0.00807738301528002,0.00641581968232308,0.00404903442165037,0.00643940795069755,0.00571695683147523,0.00875944678250674,0.0175161705007877,0.00972048266878805,0.00833107235520793,0.00916524003328106,0.00819123150230371,0.00592865077211068,0.0190035279521468,0.00897522742436494,0.00517088792726962,0.00646929572518939,0.00912815818811974,0.00245021246852277
"268",0.171498267115177,0.0951393818955402,0.077965330069866,0.0482795438305362,0.0533725846867634,0.0508251390842037,0.0490391470807196,0.0444129192801923,0.0347405526982794,0.0279122816112461,0.0196497081516136,0.021858686107588,0.0155041835941421,0.0198042001389487,0.0266559595269142,0.0167594786405113,0.0173045083243501,0.0227305301618445,0.0158089960347729,0.0117277766015354,0.00524754165866211,0.0159829836644309,0.00756925242768972,0.00561221009080072,0.00310789920052111,0.00554870766372096,0.00490618412549847,0.00796905617296732,0.0174902114011319,0.00931216888732911,0.00763318458759557,0.00867676093523556,0.00750431966220113,0.00478872918657797,0.0192273279084034,0.00828113367394048,0.00423548802497801,0.00560951003137715,0.00878042739765797,0.00152772866453621
"269",0.16352422754104,0.09085495869928,0.0741904556726433,0.0465775191755382,0.0512415077402177,0.0487121685050424,0.0465913461258174,0.0434302795820454,0.0334939371008161,0.0277783527594823,0.0194282184220669,0.0217020741235103,0.0162271984769853,0.0201459162189335,0.0254328130146106,0.0165529808099903,0.0176721135977816,0.0226529503856077,0.015862289875105,0.0130718647328233,0.00693294140750166,0.0154833345915119,0.00893493135040119,0.00729090445372291,0.00443350570344429,0.00675179855570932,0.00628903870893617,0.00902686710363803,0.017538589180889,0.0101447301020016,0.00902168765613486,0.0103192733842516,0.00887817024836334,0.00661082151843304,0.0197810552857801,0.00984148845357134,0.00600624323598211,0.00749337886523945,0.0101732668171895,0.00390480081796179
"270",0.170577703549943,0.0949582218276024,0.0776476272549868,0.0478940865835936,0.0533811071032815,0.0500821847752448,0.048840419741873,0.0447083219103541,0.0345864876571403,0.0279044273862174,0.0194287779847718,0.0214982404490725,0.0159262804014048,0.0197594762668683,0.0262964553988353,0.0164777644110884,0.0174570165185159,0.0222596515178941,0.0158310834376068,0.0120166657792587,0.00555796621610994,0.0155986646863718,0.00776575979836303,0.0060457528383172,0.00316380818207905,0.00570621400494864,0.00516081451222443,0.00811920863916622,0.0173026085415679,0.00911869122682181,0.00782738261768425,0.00885820407401273,0.00774801852166914,0.00552748102284808,0.0189641490640261,0.00872933625987758,0.00482392610795908,0.00586624629146596,0.00869193497773387,0.00189183246119915
"271",0.174407682709192,0.0960480455746822,0.0780152797961636,0.048587632217815,0.0530402495737161,0.0503116987606225,0.0482698680687834,0.0447667914971409,0.0343617589557739,0.0276840663364652,0.0189266157319125,0.0213358553404111,0.0154551086605309,0.0199593756980523,0.02572597502575,0.0161104650654273,0.0171798073843236,0.0221398369231823,0.0150472821150733,0.0119744768691881,0.00548400092440695,0.0149812942279614,0.0073376478184759,0.0062321595821469,0.00297402577303489,0.00510156953630858,0.00497712565002983,0.00771003403707416,0.0170402714365992,0.00906473487995634,0.00789448845754964,0.00912100788761091,0.00764550707567622,0.0055234865123618,0.0192893391760977,0.00856976478199868,0.00476754338883947,0.0061020364299766,0.00869619029589516,0.00213989982379409
"272",0.169876032085696,0.0936291389512165,0.0765212736890362,0.0476128883049528,0.0519198239680411,0.0493958054746326,0.0468747200686101,0.0439933410076515,0.0340885542621888,0.0275623937446251,0.019222228443426,0.0216388254497973,0.0151545273506466,0.0196744179735256,0.025462511955591,0.0164388551734994,0.017336799040707,0.0227244988193319,0.0157839399825439,0.0123671395151349,0.00605374112682447,0.0152269663657936,0.00786970610602452,0.00740101644090197,0.00409521349891343,0.00589834737290531,0.00560754937713009,0.00846137727230235,0.0176870457012765,0.00959644103766539,0.00769118427971071,0.00944910621439626,0.00819440183574339,0.00608505090468126,0.0193921114438476,0.00930095734744304,0.00542118543163267,0.00663725306658718,0.009305840056864,0.00334778985850192
"273",0.169950597398597,0.0944892563834831,0.0770228943333926,0.0480216659843637,0.0520759502100328,0.0500829610724639,0.0481388472836839,0.0443068136418184,0.0347175786491747,0.027652849771067,0.0193366594068861,0.021509327664674,0.0155242150927075,0.0201984654801968,0.0261475776186964,0.0168077338051035,0.0174509719549651,0.023164214293497,0.0157410011581414,0.0123206280109221,0.00557402404581926,0.0155855000628302,0.00781551633972143,0.00661163234437582,0.0034181347550783,0.00540319907253074,0.0052671401854523,0.00822322090955934,0.0174713533286841,0.00949025725853352,0.00776610346381239,0.00937143491831923,0.00792212875603362,0.00527808204596436,0.0196507709804413,0.00888086806426608,0.00469039817771325,0.00577577705034442,0.00887945469716606,0.00226479432948806
"274",0.171448277495503,0.0944936261483727,0.0770940858261532,0.0479125952602275,0.0521428802597135,0.0496376121727359,0.0478648865806236,0.0440960396714904,0.0340557613051821,0.0274873579106517,0.0190056077824291,0.0214993971284601,0.0152546674258674,0.0201066245254406,0.0256490965198816,0.016629152511112,0.0168894865985366,0.0227041452210975,0.0152181768059788,0.0120136878424257,0.00600396554104745,0.0149369940924512,0.00779190239602547,0.00689349792859841,0.00369605937493157,0.00564001659929124,0.00571341954660901,0.00810579561646379,0.0173269970394654,0.00959437480528216,0.0079485177246749,0.00947696314573219,0.00827428346113211,0.00580254250368287,0.0193404240744269,0.00865333426079368,0.00523608661939861,0.00641284282117318,0.00914991688738733,0.00279890056954968
"275",0.171473327703649,0.0943042421086539,0.0767439149149733,0.04762275063866,0.0519731053224583,0.0497617763435661,0.0478254071848031,0.0437090345015075,0.0342593531355831,0.0272420741058928,0.0188360268061544,0.021359049272627,0.0154605742952571,0.0200208056020958,0.0256754392630507,0.0165869055354605,0.0168974711588052,0.0224453326470247,0.0153161196055117,0.01221853253294,0.00621724677233798,0.0151143736443326,0.00812615273963972,0.00673233773980998,0.00381279519664888,0.00527120176562109,0.00572059236719385,0.00844526108417847,0.0170694091115854,0.00976214994152907,0.00832361937691398,0.00945080737868905,0.00833161153262706,0.00594565063605692,0.0192121833364023,0.009029789219919,0.0053303516552954,0.00647955244993185,0.00914714203619125,0.00274652933642195
"276",0.17137331563352,0.0950213266704708,0.0777801542457864,0.0485857140017435,0.0525713414078158,0.050466299280606,0.0485554693153578,0.0444951047079694,0.0345141218106987,0.0277428135782369,0.0193436541258689,0.0214648343265866,0.0157052616109787,0.0202479246500322,0.0261375032723072,0.0168560462839779,0.0172901059053005,0.0229623181000006,0.0154699622646745,0.0120135621285435,0.0053456808328399,0.0152774201090589,0.00765219318183546,0.00626832044706173,0.00294065682231003,0.00486191670866441,0.00518590355032691,0.00804997057194874,0.0175059419420387,0.00964147870708947,0.00786509915155091,0.00912987926436686,0.00781823609349139,0.00518405823125105,0.0194210827212727,0.00851973681281219,0.0045606116709639,0.00570255222947961,0.00857924883327045,0.00189317879789072
"277",0.166590700462594,0.0927543771449017,0.0756761063527819,0.0473782706487068,0.0514124752791209,0.0488007082813801,0.0468963861787077,0.0437532203799195,0.0336063789142663,0.0275639973102737,0.0191167666257882,0.0216846707687054,0.0154048946706023,0.020005488029019,0.0258240983438282,0.0163694526252393,0.017478854158264,0.0227666941241049,0.0156684574925034,0.0125534590445396,0.00645794359593599,0.0151928672361677,0.00830959682156377,0.00745323173371354,0.00393595716321658,0.00603507356998803,0.00611301450177133,0.00882928789449558,0.0174990040768164,0.00983198315861194,0.0086621742217889,0.00994850588744874,0.00850094685650143,0.00634527195884305,0.0197317912436244,0.00943395589755355,0.00576438381828419,0.00710288580676862,0.00995818556682019,0.00358848215483923
"278",0.172753243307275,0.0962938503867128,0.0777761571194613,0.0484564241755675,0.0530902112271091,0.0501064666116076,0.0495248355565764,0.0446833049232106,0.0346176630444858,0.0277207671802127,0.0192454164955132,0.0216280452661605,0.0152778176835083,0.0197720348236119,0.0265905439398939,0.0166513868907486,0.0171927769147132,0.0224048313772045,0.0153725531743654,0.0119428972850659,0.00535567872591002,0.0154540026135424,0.0072188571790963,0.00600415854886825,0.00288827711508652,0.00515977773644198,0.00496439951487274,0.00809812968091629,0.0171340684281792,0.00899133732731437,0.00753490196599932,0.00872744420550984,0.00741349381987345,0.00526882743024263,0.0193951887031193,0.00849466516078966,0.00437266436865057,0.0058677672908143,0.00866182049559691,0.00189331230617241
"279",0.172767601404343,0.0952307696011466,0.077397118918887,0.0480930887081143,0.0526394950809667,0.0498952097306047,0.047920689641785,0.0446349802288035,0.0341287551823819,0.0276139494935881,0.0189983383036941,0.0215726588376589,0.0148963488404219,0.0193864741060866,0.0257688745456758,0.0162035715468106,0.0173503141771087,0.0224423600536166,0.0153345406857001,0.0122401505912417,0.00588685640272166,0.0144010372609703,0.00772694862912223,0.00667774894791088,0.00381755789815665,0.00553365075286159,0.00558226859634782,0.00807596639488602,0.0170455767015942,0.00908918561740146,0.00779143513459548,0.00903619017987724,0.00789395983661875,0.00575060720312563,0.0197413473056398,0.0088473088444971,0.0047525471053333,0.00646306924383195,0.00865624076493712,0.00271520750093488
"280",0.171895279937981,0.094776493497546,0.0767957320745912,0.0478781413487131,0.0522721435384672,0.0498480296934645,0.0474918703276882,0.0442164184808276,0.0341419374872536,0.0274810549062649,0.0188855608885739,0.0215859560602268,0.015333664854263,0.0199200033923909,0.0256198295646218,0.0161282792875602,0.0173005981324723,0.0225338256072916,0.0152426801755652,0.012302800749054,0.0058627420234281,0.0147433440403685,0.00756499648084798,0.00682594350221509,0.00402980048688811,0.0053447124439969,0.00569766158565234,0.00842669305198407,0.0170588763390518,0.00932945286511416,0.00788839382796546,0.00953039071279589,0.00814471848650244,0.00583002736420273,0.0195396141830921,0.00914097548849165,0.00521719458480904,0.00651890631057399,0.0088946678901211,0.00276058832708181
"281",0.17267355641779,0.0949403060646949,0.0771381944965225,0.0478366783383725,0.0521508593625461,0.0499567953189318,0.0479564512930733,0.0440832944669729,0.0340424722358441,0.0274678805431112,0.0190641117197719,0.0212549278356402,0.0153026993511326,0.0196351216813032,0.0254674826257911,0.0166484026398586,0.0171153147393362,0.0223649238422688,0.0154147781205938,0.0119949349108835,0.00574052909276227,0.0150887871555727,0.00746389455036285,0.00675127231162236,0.00360295015993243,0.00542530704125989,0.00541131609185646,0.00831573505303954,0.0173918126168068,0.00973391976368502,0.00808133077781001,0.00915783598462353,0.00818053862203353,0.00594893183100109,0.0190840767755268,0.00877584653035427,0.0052196003540281,0.00648858538430421,0.00884329547746186,0.00278524842151771
"282",0.167496247458422,0.0925502295417613,0.0753245427922667,0.0474868840956555,0.0512679177253912,0.048947396628324,0.0469662209774346,0.043238191005127,0.033645405034541,0.0274003061754523,0.0191887199019689,0.0214444961932943,0.0155797575002161,0.0199303915513059,0.0255337637300295,0.0167884044759235,0.0173720441451082,0.022641724276294,0.015807519296229,0.0123597519387729,0.00643094376670366,0.0153326904944259,0.00816761783783972,0.00726150874536089,0.00411039194896917,0.00611959359940832,0.00601752372353963,0.00902176548234771,0.0176699459756034,0.0100960156702529,0.00881131066042122,0.00980054555819138,0.00877694477604762,0.00654684303810732,0.0194877972688369,0.00947264021525146,0.00582761878274273,0.00700774092587696,0.00971329313447189,0.00335735395208405
"283",0.169006772407806,0.0934930341004747,0.076525315872917,0.0478123717441293,0.0523931560215894,0.0494734205159435,0.0485736301882061,0.0442771191863213,0.0350032032751077,0.0274414923212419,0.0195375875998412,0.021685395575005,0.0157952693496897,0.0196730475747704,0.0265863149079172,0.0169531379085564,0.017155642680038,0.0224994692331397,0.0157750311113738,0.0120681265035122,0.00592467223442051,0.0157710479313547,0.00790625673446581,0.0062850848945001,0.00347515749075927,0.00560583073179646,0.00563203509043083,0.00883331657735936,0.0176215520337986,0.00944207987445338,0.00801431018284409,0.00897389510979227,0.0080714480782515,0.00589111206416618,0.0195529125879053,0.00881127975226949,0.004873206318898,0.00618029165126445,0.00906327983295139,0.0023426927507376
"284",0.171871149635775,0.0943516174246675,0.0769166723437225,0.0479540957831276,0.0522091524612825,0.0495310543319756,0.0479669270053815,0.0440823947866083,0.0342239337475232,0.0272738353487718,0.0191395397936389,0.0213961368799032,0.0153938201499326,0.019913555153053,0.026145219767469,0.0163615532400405,0.0169455062074823,0.0224178957514485,0.015170115982305,0.0121882838118396,0.00614808459179661,0.0150277146352943,0.0078194051468561,0.00662068842641521,0.00372443044067282,0.00567833619395545,0.00554689989303348,0.00825562743228814,0.0172055213007351,0.00950835441929151,0.00829878108355916,0.00953515368036663,0.00829142666365435,0.00581091158761775,0.0191724483831536,0.00858634135557541,0.0053204876521879,0.00623860629471565,0.00903521162822903,0.00272310958465388
"285",0.172432145907226,0.0946481017695465,0.0772651529651658,0.0480391261776868,0.0521289819461569,0.0499910286031123,0.0480464591328068,0.0439885621417987,0.0341269171955047,0.0272332153234685,0.0188520290042543,0.0213056999502699,0.0151967285989835,0.0199498460209785,0.0256351585176102,0.016652727458505,0.0170929280255166,0.0225887912453199,0.0150833923507497,0.0120403181428326,0.00603731847869995,0.0151498441294231,0.00788104270234951,0.00644093170896339,0.00351316542116846,0.00523311642091473,0.00561935547141876,0.00820879227107886,0.0169947644305983,0.00961957418954132,0.00806895912285859,0.00938098046384379,0.00815712516626691,0.00603938997753143,0.0192377083750527,0.00901647982536644,0.00507891354931066,0.00625668887394691,0.00887296136972222,0.00289557757445127
"286",0.170200801566726,0.0935835425169492,0.0760642146639893,0.047364872889725,0.0513548180658296,0.0494378519893266,0.0475069959174442,0.0435277187813352,0.0338018008550519,0.0271323426306795,0.0190428961316907,0.0214635382148476,0.0154945359804412,0.0200836542837251,0.0256069164632076,0.016635013051476,0.0173168818663236,0.022442281188746,0.0154416245815132,0.0123721936754312,0.0061982870122543,0.0150068461125929,0.00811079901290632,0.0071313674160986,0.00381497442615332,0.00583652746322386,0.00606833288175146,0.00849954713110321,0.0172884205488909,0.00983796032488952,0.00844879805689384,0.00978089049848709,0.00837198257987248,0.006332661551373,0.0193400651869962,0.00919413625213681,0.00546602773801868,0.00676562612750155,0.00928317963810238,0.00334907472629537
"287",0.169481493409183,0.0938842431757052,0.07675022221606,0.0479764555824109,0.0520223880106267,0.0498998380633876,0.048340450085637,0.0443985713766496,0.0346137322533461,0.0274177689502268,0.0193840206295274,0.021642682540682,0.0156511670478294,0.0202721724259682,0.0260329192489676,0.017110818790717,0.0173222174951676,0.0231191063826474,0.0156471570096366,0.0121730958654128,0.00569200905095452,0.0152552367882785,0.00794485435101044,0.00660190601316243,0.00338579536371179,0.00539811870189375,0.00567203568522856,0.00833165536093619,0.0172632959630292,0.0097249666622711,0.00809709990802538,0.0093166179917247,0.00807433218085779,0.0057313636005374,0.0194494098341214,0.00893471219425691,0.00478620674615833,0.00600429664510642,0.00867314431381309,0.00252242208513309
"288",0.172770066067855,0.0951395002164044,0.077687874431621,0.0478629915046787,0.0522558302236554,0.0501690258525975,0.048120498544195,0.0441300312384971,0.0343499337450531,0.0273048894137701,0.018898415564965,0.0212700990869602,0.0152227955996422,0.0199096015699642,0.0257852979801845,0.0163875462290088,0.0169415129483551,0.0226645690715322,0.0151909862095676,0.0119206221095493,0.00594105821482065,0.0148105422682816,0.00754920755902873,0.00668729147921815,0.00346515696911353,0.00537287484238947,0.00570908460544996,0.00805186639299927,0.017142527848295,0.00941762002760383,0.00785530909076694,0.00928904956721858,0.00812060223343667,0.00572785573048067,0.0193443033239213,0.0085446809389224,0.00515916983171612,0.00608570270001479,0.00887323078648848,0.00287077798177732
"289",0.174327515067115,0.0958853788032318,0.0780779767059481,0.0481395846311476,0.0522528193702205,0.0502567877419741,0.0479635772500523,0.0441906760890524,0.0342264589296737,0.0274776188345325,0.0188732412277178,0.0213144132569528,0.0151257289165553,0.0199685908033982,0.025547920215133,0.016047069022283,0.0170031166220611,0.0225294910858826,0.0151327899309371,0.0117646717643812,0.00547153023522157,0.0147039973574388,0.0071973176530542,0.00649236511012053,0.00382202955239908,0.00523558307397032,0.00520630234644287,0.00799529202403329,0.0172134886934973,0.0092983258409261,0.00767973390495269,0.00936618086384277,0.00795491669276522,0.00567725143960896,0.019170317510373,0.00897919866763993,0.00484723622070074,0.00615044427194935,0.00876719319253055,0.00266586908028277
"290",0.170223866532316,0.0936008374161127,0.0764228000444548,0.0474309684179999,0.0517746407294495,0.0495544800469244,0.0470718652979037,0.0437901195312343,0.0340184440731517,0.0275712040040634,0.0189911591735609,0.0214659273107032,0.0151896420181928,0.0200593183435261,0.0254464429864878,0.0164223642953031,0.0174353136465401,0.022723450238187,0.0157265871601158,0.0121636497465002,0.00600041495070767,0.0146658818276181,0.00792036650578311,0.00684060428852787,0.00420041512108308,0.0059269327337326,0.00619231901073414,0.00836410252446462,0.017594441666561,0.00966262592914047,0.0079388972913184,0.00950905158551518,0.0085220289618449,0.00618819808377768,0.0194072626232928,0.00916969736456785,0.00567974705256096,0.0066684046616475,0.00906636123050745,0.0033991655738871
"291",0.177946064186399,0.0985670800339641,0.0802346099688124,0.0492410077202838,0.0537694453990955,0.0517570769948252,0.0495787376829097,0.0456976540887294,0.0348479977175856,0.0277455443338792,0.018759901570109,0.0215583261034344,0.0150357203427055,0.019846928498135,0.0262750283943315,0.0163207213627623,0.0170147320531562,0.0227887274515657,0.0153905189672279,0.0114214733494672,0.00447292645829305,0.0147535063969714,0.0065846773263606,0.00543504484739417,0.00218558405469054,0.00442014455146826,0.00444970080880346,0.00706540094265605,0.0172298644422823,0.00872293767292984,0.00693743481821988,0.00846367662034679,0.00709616411243527,0.00433695541678289,0.0192687263422333,0.00785193245148213,0.00356347351921878,0.00466338269433088,0.00769391087406266,0.00100725942965978
"292",0.170643824032349,0.0939740033378973,0.0768136658630435,0.0480755883042194,0.0519991633877657,0.0493267190862676,0.0470589112546799,0.0442286877749053,0.0341696930246628,0.027860359215061,0.0184663954914211,0.0216901479661518,0.015078063504229,0.0202098933990841,0.025973565462997,0.0160442490509595,0.017354710714733,0.0218833949685212,0.0153234090975685,0.0122896530171533,0.00622654014566347,0.014685279220448,0.00728230552732748,0.00692451938029176,0.00386251856124702,0.00575443697517905,0.00556409679333608,0.0083236506651636,0.0173200776398109,0.00939211222508059,0.00767759497936528,0.00902031195938498,0.00821979079321377,0.00618937604920161,0.0200074335261865,0.00961400750518432,0.00574710721021479,0.00708245550197638,0.00893652400003977,0.00370576338801439
"293",0.170290503628098,0.0945829581557226,0.0768222000447174,0.0481351859450859,0.0524294404450431,0.0501457204663788,0.0480804774453758,0.044711668838846,0.034512952145251,0.0278392504796385,0.0189236137230877,0.0216227608777575,0.0155773607043733,0.0207204457278832,0.026117316204199,0.0167010368928156,0.0173734802463872,0.0226896782675714,0.0156740038411647,0.012285616953183,0.00571885840453744,0.015153408515552,0.00728944469895736,0.00660934459862089,0.00320842273830858,0.00520802104119967,0.005222879931011,0.00831281622809749,0.0176351879547656,0.00970746724631109,0.00772576977206623,0.00918071551195154,0.00784724756311715,0.00548796295679541,0.0194796359247889,0.009013686222919,0.00467430851341856,0.00616469287853413,0.00870628712112772,0.00241817114534051
"294",0.173017055597177,0.0956345219174604,0.0774804609405797,0.0479260262965688,0.0523441643163772,0.0502492604298432,0.047918285729766,0.044699482546128,0.0344590202143733,0.0275993162838114,0.0186395847803566,0.0213368445315773,0.0153092441336172,0.0200627839064551,0.0255630599043336,0.0161279573392933,0.0168331831112245,0.0227391076405,0.0152703083159083,0.0120820619654119,0.00602242400524564,0.0145821258886253,0.00757512422076465,0.00646286200427393,0.00323496492395841,0.00503386930211562,0.00521241471030527,0.00820533049922258,0.0172365891561685,0.00934081188822864,0.00775867946259996,0.00927131900522244,0.00789533337908664,0.00570131550567342,0.0194619414122507,0.00882870213432153,0.00483519929925937,0.00628854005410235,0.00906063361143975,0.00270008963637282
"295",0.173052142784404,0.0949947999871359,0.0772953445575685,0.0479882208153585,0.0521802512125578,0.0501820040147462,0.0479166679722991,0.0444138260192947,0.034057928080457,0.0274550831779945,0.0190203683317516,0.0211314696364496,0.0152892939041447,0.0197631486197621,0.025267240509778,0.0160430766619859,0.0174108312768791,0.0227973207360345,0.0154826884436591,0.0119604572008146,0.00566915136602315,0.0145504311887646,0.00765976570896983,0.00689316492867975,0.00382903127798848,0.00563847362795506,0.00547510167346791,0.00834569276737413,0.0174838511244492,0.00908514516375456,0.00758970264523687,0.0091443461069796,0.0079410661605828,0.00594440554853849,0.0192666178411249,0.00868528978198223,0.00516315058272928,0.00624035900421943,0.008868753186196,0.00282433637190841
"296",0.166339044937898,0.0923229020671713,0.0751078231713213,0.0470127107619892,0.0510040854277092,0.0489069451024797,0.0464614891151327,0.0431070154485712,0.0338796913365362,0.0273192449804478,0.019087530833798,0.0213016157264183,0.0154847758807531,0.0200986915877806,0.0251855494588748,0.0166701702770825,0.0175178643586837,0.0226517548604696,0.0160413846304436,0.0125581265852497,0.0064346353871126,0.0155227720257347,0.00841497787832628,0.0076679283647743,0.00489618211598435,0.00635903876787581,0.00619647426814434,0.00947189245704999,0.0179258427577781,0.00988099427318372,0.00829756473672322,0.00989590608496441,0.00853697457518656,0.00678201799130666,0.0194333106057724,0.00972578471278364,0.00594307242894562,0.00691003938369896,0.0098509687460856,0.00379520588975817
"297",0.170348830476451,0.0949655383244893,0.0770177097272855,0.0477074918402393,0.0528309360377185,0.049720313887736,0.0484618173482086,0.0445063324237806,0.0347074157323677,0.0275313631402892,0.0196052216926569,0.0214357490395769,0.01542147797279,0.0196749815983804,0.0268507166949877,0.0166497299961067,0.0172060803648454,0.0222956248055827,0.0160166138501191,0.0119086904051292,0.00547113982435499,0.0157109832975174,0.00761888993210634,0.00640512359237517,0.00369585614041677,0.00573219083889271,0.00519101661823964,0.00859549657429974,0.017857011194404,0.00913075266847571,0.00767504095299002,0.00876191581863316,0.00786537510833794,0.00559668552175437,0.0194226741483,0.00873528513189671,0.0046802772111943,0.00590411026821361,0.00876684278539532,0.00232069701346128
"298",0.174426667998415,0.0964663376750131,0.0782190237721586,0.0481524042207206,0.0529266658918832,0.049903092526134,0.0483077189782657,0.0445470821218879,0.0344176895711013,0.0274580130819144,0.0189407580309343,0.0212237057802233,0.0149635118476226,0.0198790694096104,0.0260527182839383,0.0158732429428042,0.0170425350338283,0.0223321983620209,0.0152564195432047,0.0120479606208049,0.00565931947169234,0.0148788250936515,0.00713711988386279,0.00640283792775528,0.00324048452495862,0.00500242363392281,0.00490478457599722,0.00807094668936924,0.0175354416716832,0.00886039038367792,0.00787377087315767,0.00916856066134493,0.00790002604362946,0.00543233185219801,0.0192813056458103,0.00863818530927164,0.00470837141538413,0.00568912152565417,0.00883543379282503,0.00234350333166764
"299",0.172711320234471,0.0948151834668856,0.077343945458148,0.0479397097429048,0.0523418997217378,0.0499748643128004,0.0474272430876875,0.0441131615399387,0.0344853143660248,0.0274959208120559,0.0190240633542244,0.0211553298592119,0.0147543312969982,0.0195015202220081,0.0256603248153852,0.0159735086577576,0.0173475334609413,0.0228560913199071,0.0156340812727953,0.0121646423708944,0.0058608948222289,0.0152125507224773,0.00747694303260742,0.00695498346376172,0.0038051267636904,0.00543892214404772,0.00548372842240533,0.00820270313763656,0.0178698009218128,0.00891861540533131,0.00771001485567209,0.00921253962056618,0.00794163657387599,0.00563760565412056,0.0194555968423921,0.0087836486574301,0.00532761590686397,0.00619809208991931,0.0087914403369453,0.00299755125343677
"300",0.167447087321392,0.0931822506117857,0.0755089653195732,0.0473104018052367,0.0513473938196493,0.0490600446754476,0.0470490743041526,0.043201027210442,0.0340614108201726,0.027323790390258,0.018987007226475,0.0214724649447494,0.0153696649299211,0.0198157461108787,0.0254867547212652,0.0165113019407364,0.0176176648697772,0.0227790346797996,0.0158659317242577,0.0124541001432993,0.00633302627540923,0.0154503210267885,0.00796901732919236,0.0075902925040266,0.00456338362184607,0.00611336523863895,0.00617449091208255,0.00915067232472092,0.017823412116164,0.00954623752967136,0.00801689015974919,0.00968828097194133,0.00846146313837924,0.0062919098710522,0.0198558600955083,0.00942790531404397,0.00575357796617634,0.00681770734539386,0.00960262103635087,0.00351844765359448
"301",0.167966313613948,0.0940072427433577,0.0762775158970732,0.0477954709785727,0.0520305533562629,0.0494292282366401,0.0484877067714375,0.044095776112395,0.034452486873779,0.0272717495126496,0.0194999116582368,0.0218349195383309,0.0156201770738303,0.0198233098681325,0.0266142502183236,0.0167919546592114,0.0173384214715976,0.0225836188964112,0.0160542351830778,0.0123226753291134,0.00593028418627807,0.0156463145697615,0.00777943022377994,0.00673259639327185,0.00409189740442992,0.00578048831846363,0.0055524501997876,0.00875236174060757,0.0174960821881144,0.00940695643908597,0.00790035889474805,0.00919464432546308,0.00800675797347349,0.00596362106521902,0.0195097866021119,0.0090900734241267,0.00495904573363377,0.00620786067768442,0.00903945344144623,0.00266201820613211
"302",0.17434532287466,0.0969574726117853,0.0788921787059523,0.0489108389091951,0.0534284207115852,0.0506871525151785,0.0493710309353147,0.0451560151106865,0.0350292885855469,0.0276278784876769,0.0192509045433775,0.0220219064761797,0.0154398796886542,0.0201581396621089,0.0268700850030366,0.0166425277273245,0.0169599685724207,0.0229211456779195,0.0156711615322139,0.0119383437078536,0.00474220538681955,0.0151856705177517,0.00682938621810257,0.00584326743394039,0.00290224934637279,0.0047154898860347,0.00438956869774946,0.00775992634104304,0.0173348775220418,0.0089940643833433,0.00725125817477182,0.0087710261501018,0.00707046587185522,0.00460419658562332,0.0193065836092611,0.00795803496688664,0.00371841083669676,0.00491365593252353,0.00824254555537353,0.00118745454503585
"303",0.170690433159599,0.094119781280788,0.0768885212609445,0.0481326816799569,0.0520826560263033,0.0494692599601828,0.0469816761012549,0.0442593697689365,0.0342153867095123,0.0276067417428934,0.0190492952385473,0.0215707451003386,0.0151486507556184,0.0197874687536283,0.0254233858398967,0.0163685507807379,0.0175082288712554,0.0227897838300979,0.0153750620850917,0.0120610282303684,0.00602381987612365,0.0147303256833711,0.00791169875796695,0.00709319925112659,0.0038803563098539,0.00585968555654426,0.0056483654536695,0.00840326029794763,0.0172567517389822,0.00922335327336285,0.00790778176263375,0.00926808852333519,0.00821599950921311,0.00606247786920211,0.0195286759842772,0.00897569931847343,0.00545598768139564,0.00668905052487539,0.00906364966058043,0.00327306579111336
"304",0.170520961280999,0.0945087221535854,0.0772294480276516,0.0484544647599799,0.0522124994280973,0.0505875373389521,0.0480306521916606,0.0445241490288266,0.0348370384309305,0.0278337480538554,0.0192432753013027,0.02158490001332,0.0153954869833626,0.0203212401048185,0.0260720503452491,0.0168070735409865,0.017461166279773,0.0232416558250717,0.0155418252936051,0.0121704411000687,0.00552622136377251,0.0152354992540737,0.00774270264209555,0.00653411732617418,0.00332646175121652,0.0053468833730806,0.00513548000720686,0.00819820228498181,0.0172744177001745,0.00940784938356982,0.00774657501620208,0.00921674918290807,0.00796031840592088,0.00539592797564256,0.0194987182096309,0.00870272266550723,0.00457068492040406,0.00578431700772388,0.00867771323815979,0.00214010280945796
"305",0.169879007203334,0.0942334178094074,0.0763005007335253,0.0477998311603151,0.0517638116068657,0.0495977261793143,0.0472903215692004,0.0442154880988736,0.0341434514044248,0.0279777416650893,0.0190755925283817,0.0215307163298026,0.0151533158324206,0.0203019425362903,0.0256575095620842,0.0160800499150447,0.0169299926527885,0.0227539888996831,0.0154638471666202,0.0122702070061139,0.00617736216050169,0.0150230767128119,0.00778751246636977,0.00710369617394154,0.00366577925714202,0.00576628392373246,0.00570745838869788,0.00850698974313719,0.0171073943507529,0.00946954908246835,0.00822570059170089,0.00997829409211101,0.0085285831237567,0.00597332872333099,0.0194449903258064,0.0087976350134836,0.0054493092002957,0.00646573251648849,0.0094382156444858,0.00296464864940462
"306",0.169801988121746,0.0949268611617271,0.076941574914047,0.0482968251706386,0.0524793212012245,0.050590959147838,0.0481779586687418,0.0442703945190987,0.0346495114541954,0.0280316982035404,0.0192335709840226,0.0216095334244109,0.0151587495193987,0.020433523449702,0.0264518590592608,0.0166217292209161,0.0171892598841492,0.02311174202057,0.0156942758282259,0.0122631888709809,0.00549636380999932,0.0155422341236341,0.0075640977061009,0.00647768481989792,0.0029547153837248,0.00516229864139697,0.00493853406865632,0.00837590423676612,0.0174827664272182,0.00945327222687217,0.00793350573856223,0.00950844169904421,0.00788659269612265,0.00530013492473377,0.0196613693859938,0.00892207519559139,0.00459214364828798,0.00571397502948361,0.0090108544831679,0.00208851093031097
"307",0.170949657792478,0.0947573106457792,0.0768599019481331,0.0477159639954996,0.052136248911717,0.0500335365316125,0.0477773606587678,0.0439310766600416,0.0342235204775688,0.027662739434116,0.0187494415014833,0.0216008303187205,0.0153353429816547,0.0200980169013486,0.0258900646233155,0.0160664808662115,0.0169389896673222,0.0227489087198956,0.0152792300316191,0.0123442835572609,0.00595213232010288,0.0149154485204405,0.00758654762938486,0.00677053735257168,0.00352050949828866,0.00551673830609402,0.00523924875775407,0.00836487551273866,0.0170815770069728,0.00942323670328589,0.00845583902556152,0.00981129835600452,0.00833923140467157,0.00587804934776961,0.019444941258393,0.00920670406275486,0.0050782273797184,0.00635433384685972,0.00911334852360983,0.00284826896247824
"308",0.170454842139033,0.0943277395458716,0.0762781710926188,0.0476197019541892,0.0518899416619638,0.049777067783406,0.0474323113374314,0.0436601749147837,0.0339141297769141,0.0276085429284842,0.0191091536171689,0.0212403815391951,0.015328962518787,0.0202248873995284,0.0256907743148612,0.0164687366514421,0.016872768494705,0.0224913309480586,0.0154475977893008,0.0121549912146262,0.00591295234999799,0.0152344476475408,0.00762508839213273,0.00718692476478404,0.00379658000692127,0.00554143392395159,0.00558837437727539,0.00867028367375698,0.01754206098829,0.00983277629150354,0.0087098474307282,0.00960554899447715,0.00811899160453146,0.00599368319294738,0.0189912528584709,0.00913418392864722,0.00542216101133619,0.00645321668879536,0.00951936604480133,0.0031286182067418
"309",0.170323687793696,0.0949365178942499,0.0771621572319668,0.048237016487842,0.0521335625094408,0.0502739279986076,0.0483780274739839,0.0441630801593319,0.0346242288689392,0.0275616223273514,0.0190335786954856,0.0217519426297629,0.0153178964073073,0.0205916471444865,0.0261173983737935,0.0169259082272447,0.0170819163524279,0.0228594654016402,0.0155851270382095,0.0124108650369524,0.0055866008464315,0.0154903404109055,0.00771859348802735,0.0066443496880373,0.00307515983491562,0.00498829044111878,0.00514619122362653,0.00831116644405686,0.0173437512047198,0.00969817081677311,0.00838808754672173,0.0094032052234119,0.00782258418466267,0.00528020128370418,0.0195343316486181,0.00886235219866077,0.00455259348711198,0.00566988799869987,0.0088338643495089,0.0021807036275677
"310",0.167610231507264,0.0930786173321834,0.0757957190488088,0.047205905092897,0.051177276075578,0.0490534415798512,0.0473159510875988,0.0435763417532114,0.0337133017880161,0.0274331018506635,0.0189844637507872,0.0215038685097349,0.0156310842773422,0.0203335880233224,0.0258452902200118,0.0162013870780407,0.0170166463306828,0.0229570140602022,0.0158600621217314,0.0125131996313544,0.00648146210095527,0.0150900014152838,0.00812370112570561,0.00722481031481242,0.0040668937322996,0.00592062812619898,0.00593425506858023,0.00867445215147499,0.0173610605923333,0.00982045012464429,0.00877503984525862,0.0100145838368973,0.00860037556054452,0.00632096576971588,0.019818444637937,0.00924126892374699,0.00569697600008765,0.00686492978445465,0.0096771294951541,0.00348608027463283
"311",0.170039100703457,0.0945666605271065,0.0770001975407501,0.0481654585471823,0.0525897961338505,0.0498590172204348,0.0492109840577532,0.0444882913805814,0.0346856342993873,0.027389733276169,0.0193811745607458,0.0217773180603567,0.0154762198582181,0.0201538521786977,0.0265372807350202,0.016482210343353,0.0170823017954091,0.0227533058248751,0.0158867224861649,0.0123598712984034,0.00564738233888535,0.0153419297794233,0.00744834410651489,0.00647237527738565,0.00338349885975383,0.00540068225063559,0.00529111687654644,0.00820080171517541,0.0169580251023055,0.0091601603220978,0.00788876553387,0.00914743944692251,0.00783788150726209,0.00574502361018079,0.0194202723724366,0.00887617630929687,0.00472915542067612,0.00597035153353513,0.00891918911285818,0.00227629769632208
"312",0.172495253061411,0.0949770658962874,0.0774861918442762,0.0480031395481939,0.052764187878866,0.0497544376674578,0.0482524704576817,0.0442766804853737,0.0343193685318536,0.0274814453734977,0.0188287035027104,0.0215095408794425,0.0152109190777294,0.0199108014101778,0.0258543599961943,0.0160342780157401,0.0169244984604023,0.0225762901677315,0.0152959520452462,0.011902539981304,0.00590506360180504,0.0148000474523624,0.00719819511835138,0.00673371389485501,0.00333996510570481,0.00532710848770922,0.00525359284635594,0.00814772252087444,0.0173433419281924,0.00929685321104108,0.00830807926123892,0.0094387388543477,0.00826984680494947,0.00568487184933989,0.0194807994960109,0.00865666580932842,0.00507619096702832,0.00610888757169872,0.00902924385153438,0.00274294708569394
"313",0.169364673096438,0.0935246620915331,0.0763792453969178,0.0475718747657227,0.0517021845389626,0.0493679775477365,0.04735242319294,0.0434817929525464,0.033893975098872,0.0275501805948537,0.0189339835169481,0.0214053260726614,0.015150225659054,0.0198806377214562,0.0256593439716489,0.0164328518116852,0.0172012182499334,0.0226621863828704,0.0157298192302406,0.0121600603442353,0.0060460437273434,0.0151634183220663,0.00797801456259701,0.00680572411048747,0.00379735207700516,0.005827400522656,0.00577773607776382,0.00850501159749555,0.0176674287150708,0.00966548914238438,0.00884803721711312,0.00960398805203679,0.00862440139344005,0.00622546661970254,0.0195791242183237,0.00937944758665842,0.00557091909153986,0.00672015856072698,0.00955769941715487,0.00325249675117818
"314",0.161659200597243,0.0902738150977374,0.0741963386917101,0.0469516213390309,0.0507562858664224,0.048614195623706,0.0471971819051255,0.0430914891677157,0.0337957912471257,0.0274489997901017,0.0197254564280884,0.0219358574882705,0.0160498104091001,0.0203496975925203,0.0260866060134928,0.0172246722066,0.0179017075277626,0.0229267390292537,0.0164100456364195,0.0128302932336373,0.0065447718642275,0.0160082469841089,0.00872169032097283,0.00762652267293027,0.00452326718409498,0.00653217916516824,0.0065610995525266,0.00903896201465128,0.0179892229124471,0.010540472840028,0.00928961905193266,0.0100427672146456,0.0090268385399744,0.00645600786812184,0.0197805450427735,0.00973379570424952,0.00597917180249609,0.00694046757995997,0.00970065830397793,0.0035378884896492
"315",0.169155804530204,0.094508892545322,0.0774913459800296,0.0481436391959783,0.0526232167889829,0.0496854991162159,0.0494025534569109,0.0444146587127843,0.034638439859931,0.0283429194579975,0.0195771155335194,0.0216843821338927,0.0155014286923185,0.019535119718241,0.0263463595276679,0.0167388863803992,0.0175375202614559,0.0223358266770001,0.0160878780442044,0.012019688250391,0.00537621473443491,0.0158260135718852,0.00772270479194055,0.00651703886377148,0.00337634304188217,0.00586286662819069,0.00519392154696769,0.00834295066942578,0.0177643784971025,0.00952627523505479,0.00784933340252907,0.00868987381053986,0.00775563364016936,0.00526278199417113,0.0191026510918229,0.0088414028311174,0.00494191366649438,0.00585324254130445,0.00860106495804654,0.00182221961970195
"316",0.168112554440574,0.0935016624010678,0.076349132514161,0.0473619967344776,0.0519016373148983,0.049394600227715,0.0475241219852661,0.0436977372216067,0.0340618013603427,0.027801347521674,0.0193037479551619,0.0213021080692979,0.0155628581839197,0.019827977530243,0.0258775253310802,0.0164419662044375,0.017085018273496,0.0220434280361756,0.0157761933105776,0.0125221674253439,0.00645840858885493,0.0156483017973785,0.0079328014838689,0.00685832990896897,0.00428757686294925,0.00617567131217,0.00549784686989788,0.0083812078173126,0.0174521704794478,0.00985794532915158,0.00849902682176004,0.00976138466078232,0.00843532501692364,0.00620863902481763,0.0191770724957743,0.00934680375270218,0.00553957475975798,0.00659620511116269,0.00917914864229148,0.00325697722251056
"317",0.174307847119122,0.096219336593021,0.0788635004729299,0.0485685200835934,0.0532261668713483,0.0506384425934868,0.0491893153615898,0.0445393485122918,0.0351162063838897,0.0277596036166474,0.0192620922580288,0.021815560760503,0.0154813626050287,0.0201578181594683,0.0269195947543368,0.0167327320460138,0.0171395751959532,0.0219298870179965,0.0155790225754384,0.0117751073122134,0.00521293309026413,0.0156519624478739,0.00713258072531382,0.0055826394376233,0.00297967780755056,0.0049996710383194,0.00450853755799316,0.00760630880465754,0.0174112756749653,0.00896049520728273,0.00757713046523928,0.00863717462441277,0.00725336260302447,0.00491680407956525,0.0191765021718634,0.00822883394823637,0.00408429449560775,0.0051973038438678,0.00822317678590822,0.00143829489752882
"318",0.174773573055306,0.0964425248404822,0.0786492026265906,0.0485186140086711,0.0529976068868514,0.050282212390967,0.0479760546353393,0.0447603725570018,0.0346057036210213,0.0278444472819867,0.0187881735022923,0.0217545969319195,0.0149328644925586,0.0194926481724899,0.0257124069857057,0.0159498806981002,0.0174039497332524,0.0220871796268245,0.0151207106774421,0.0120423166199516,0.00551866202114985,0.0143377800723265,0.00722022771636138,0.00612046782502565,0.00333971498169345,0.005295367436616,0.00520374921284927,0.00763744532277182,0.0169226342382396,0.00871266310645641,0.00732249348017247,0.009024192261321,0.00760070273345589,0.00539974322353053,0.0194919720485864,0.00864238622428684,0.00491898504034572,0.00613268912981693,0.00834203173736669,0.00268105284287359
"319",0.172504015244632,0.0948847112138679,0.0773947808219027,0.047950749121611,0.0523168325951871,0.0497289924469943,0.047367276312361,0.0447686029124611,0.0344014975128286,0.0277312983210586,0.018930253551566,0.0218323854510469,0.014871420815206,0.0196643806465767,0.0255838563739297,0.0160476871868976,0.0175005407849193,0.022487827280916,0.0153290127827177,0.0123212562478986,0.00589519428998867,0.0143883431103294,0.00738309190643876,0.00682698292906368,0.00380977525180921,0.00582624796805954,0.00562899839934425,0.00795148989935354,0.0172956781037929,0.00905416115385168,0.0075520790896292,0.0091700940092675,0.00775412399873154,0.00572824826068538,0.0196688884297681,0.00898998596928876,0.0051337117602408,0.0066568803403512,0.00845069091765344,0.00321795658777281
"320",0.166086124585851,0.0916972942609115,0.0749807803077772,0.0466432584964706,0.0512620847172357,0.048760936447581,0.0464838578529584,0.043468283529434,0.0338479316372085,0.0276284823456349,0.0190562617465712,0.0216997746694559,0.0155466695411852,0.0200794529090764,0.0251946321163353,0.0164792205961935,0.0176665285131872,0.022794215872896,0.0155197852260238,0.0125182915422441,0.00646458830587667,0.0152963806069571,0.00820466137905702,0.00749637828404153,0.00518729709615202,0.00667951542858773,0.00657872768341693,0.00899878559654371,0.0177544173119051,0.00993146653498141,0.00846089750999552,0.00998839867117762,0.00876690724337143,0.00666972065065693,0.01958849331062,0.00969016104716975,0.0060590943815865,0.00747308778615828,0.00958662542371357,0.00371052883379936
"321",0.166754447781205,0.0930761549378288,0.0757352080391309,0.0470115922106673,0.0521017929079312,0.0490471750962394,0.0480075196633423,0.0444149699955044,0.0347112628256893,0.0277848360289987,0.0195430518843833,0.0217286225394273,0.0156659868696393,0.0199441290334629,0.0267022166123279,0.0168300078926508,0.0173978836361822,0.022452783053156,0.0160228163524188,0.012123698874082,0.00616484105730532,0.0158032304858343,0.00792631339088393,0.00688278107983078,0.00452128939983525,0.00635289806924102,0.00580721501352506,0.00890185499777582,0.0176657001674009,0.0094471276242663,0.00820840208855182,0.00908986042951503,0.00816024306204875,0.00607319015448514,0.0193271312614727,0.00919564861135019,0.00507786678659039,0.00657059236075644,0.00905894611127436,0.00270871161378933
"322",0.171689220564843,0.0953769053309586,0.0777164994509812,0.0479834568718821,0.0528900432399698,0.0501927790488149,0.0491705555053524,0.0445227692134095,0.0351978286391806,0.0277287017927759,0.0197155504536721,0.021844793911559,0.0153732645512265,0.0200487994706027,0.0269160229910597,0.0167868211083498,0.0171899418616118,0.0223883357351119,0.0158236656950766,0.0118117469636496,0.00549495748181677,0.0158118692029567,0.00736039133841957,0.00603728083952929,0.00355080698241281,0.00542395892902356,0.00479106510740419,0.0081337639839021,0.0174201893791063,0.00904627868128398,0.00758706291033726,0.00878153672660053,0.0073653528015908,0.00488654149812339,0.0192340942575318,0.00853945084139648,0.00416908399785046,0.00559958448225861,0.00884364683625646,0.00155538132211163
"323",0.16957991180419,0.0939937466110222,0.0766241194416269,0.0474819732003053,0.052392807683204,0.049138485286999,0.0476096907229738,0.0444459862420335,0.0341802573831184,0.0277459648999245,0.019195425190506,0.0217908310725788,0.0153436197537679,0.0197606117579816,0.0259022462054474,0.0162315881534251,0.0172533989751984,0.0222562554463251,0.0156639404822358,0.0124134289623227,0.00604895572379832,0.0152068909894437,0.00807483066002443,0.00689101562169544,0.0036372945309586,0.00572061456568722,0.00561291002349945,0.00800962416652717,0.0172050246274586,0.00948207225074114,0.00838095333859649,0.00973877016998997,0.00808744604334132,0.00590938448524522,0.0195487401347336,0.00894925976293921,0.0052536407050925,0.00663699250014852,0.00946577902192514,0.00313551140296817
"324",0.168658701083716,0.0939859419330469,0.076820688596996,0.04800351443793,0.0522467503024557,0.0496084506764841,0.0482680714779307,0.0444365541731546,0.0344285350043864,0.0276637514216984,0.0194472905402398,0.0219155122187709,0.0157820922558991,0.0200434634416579,0.0264798408666521,0.0167183027499279,0.0176260822572134,0.0227560454437671,0.0157372463266702,0.0123239147625139,0.00577866465677872,0.015528519325449,0.0078033306691335,0.00673628346898407,0.00316658603389798,0.0051173574940619,0.00551099671765333,0.00811367792600273,0.017734326436366,0.00970805691413286,0.00827126569504258,0.00955107991460103,0.00809532589377106,0.00542932078671069,0.019583809707613,0.00872264174473021,0.00477762113249753,0.00593169422252627,0.00909704771256001,0.00239164357637632
"325",0.1702344440766,0.0942231122116709,0.076856726441477,0.0476911199767953,0.0519605514884975,0.0494237288303111,0.0478971025935815,0.0438053424239043,0.0341020429267592,0.0272333131897416,0.0190435029074433,0.0217147291515891,0.0155576644231268,0.0199109168962988,0.0257484405605144,0.0163787346199469,0.0172210467964028,0.0224774607916623,0.0151078176891256,0.0122489393107271,0.00630189061070396,0.0150314076845929,0.00810673290526938,0.00674720186796436,0.00398892290923364,0.00536042030559764,0.00588890317444411,0.00811798740916967,0.0172147052931857,0.00985754133935713,0.0083823707471438,0.00962835043389505,0.00845753426929476,0.00587930672480167,0.0194726711653521,0.00873182103014081,0.00529572761550099,0.00635437239585244,0.00932220919016446,0.00302318562216026
"326",0.169406270966399,0.0941915207468789,0.0769751115650729,0.0481921023722078,0.0521455922778105,0.0498215378678514,0.0483552703887641,0.0440493258438626,0.0344275123552516,0.0274474543093417,0.0192686683402017,0.0220536296162432,0.015779531781972,0.0201862676001847,0.0262802822397717,0.0167456056521637,0.0175325978942646,0.0228974731771038,0.0157173013775832,0.0122000276730038,0.00576723477502108,0.0154962241265652,0.00772916389092663,0.00646025299846058,0.00325613652982837,0.00508229583286481,0.00567722220087168,0.00802101497070893,0.017732777910638,0.00987234844154526,0.00840168839944986,0.0095770096029093,0.00810536468841061,0.00529262291667776,0.019617419569684,0.00851191305823511,0.00473239238424528,0.00591188839518599,0.00881073762291119,0.00227120763892792
"327",0.166780311299375,0.0924324574199484,0.0755871756807164,0.0470972108553546,0.0508698808226823,0.0487168197234516,0.0473640964690356,0.0433660360961153,0.0338744307680666,0.0272166556065501,0.018921248222872,0.0216634224082708,0.0156690358457596,0.0201204660137222,0.0259017944446028,0.0165704157171713,0.0174698187341868,0.0225351375765486,0.015285311530704,0.0123874932535746,0.00672398495091623,0.0154102800026037,0.00841941027868353,0.00726689538131822,0.00433092275101092,0.00588803571113414,0.0064735980465355,0.00856976181066135,0.0176279015151527,0.0102020005247262,0.00887091027504456,0.00996831555454469,0.00901313936349076,0.0063926060625422,0.0197146564209575,0.00926199335593591,0.00581760866458278,0.00697658521736421,0.00974789457533063,0.00349428104875612
"328",0.172915320520666,0.0957431124566976,0.0785963411266189,0.0480905302865186,0.0529501492695527,0.0501480288183329,0.0492318719144703,0.0444953525841811,0.03548693422528,0.0275605722862197,0.0193042754322553,0.0216471438646723,0.0155002260569648,0.0200472069638423,0.0267793047785868,0.016363215140582,0.017015987708089,0.02218405006388,0.0152398377061941,0.0117689816547443,0.00533418079563235,0.0152956106023519,0.00735572346799076,0.0059154153561207,0.00344939517649991,0.0048549148319244,0.00536759920098715,0.00796614256646732,0.0173769224132011,0.00900864180294653,0.00756565275026428,0.0084297571840357,0.00772699901741922,0.0053387738204127,0.0192036192297812,0.00829290943091901,0.00437037947420332,0.00570960337473328,0.00853468720512031,0.0018346294406406
"329",0.168444952395418,0.0935127843730073,0.07623997577213,0.0472673038269691,0.0518063400409467,0.0492779031361088,0.0475222159797272,0.0435394260383971,0.0343708084218785,0.0274362236980154,0.0191526814654777,0.0216397446913095,0.0155996660849387,0.0197263422904179,0.0256102117817483,0.01596055583424,0.0178434064930232,0.0226207293898028,0.0154938267130392,0.0126583188081855,0.0061703567174654,0.0148971492637515,0.00826716778048805,0.00688214258098852,0.00453678210107291,0.00564219293054658,0.00612465820237812,0.00847621092553302,0.0175187176134594,0.00949546524742511,0.00825749145652565,0.00960748981225963,0.00817225819031254,0.0061377611833632,0.0197349005959777,0.00951257406917279,0.00557230125932833,0.00656167247109175,0.00937539234644934,0.00333389801763001
"330",0.169881522643086,0.0943992600502714,0.0773954904398911,0.048162626405567,0.05207902001254,0.0498834248984092,0.0485107930773453,0.044408921101212,0.0346545778304029,0.0275292800217874,0.0192300968398855,0.0218569927876844,0.0155821650530083,0.0199259886867625,0.0263854006392653,0.0168452642810252,0.0178586310681685,0.0225889447317178,0.0155960959459401,0.01211154514582,0.0055508121670728,0.0155906895165476,0.00765399469360944,0.00646666174333141,0.00373054023467717,0.00526841066266921,0.00545411024666592,0.00814618844538392,0.0176027608469834,0.00939238699557524,0.00799172899447898,0.00912297913020066,0.00773116263211111,0.00557507214533066,0.0196483874773773,0.008879012089144,0.00467027197760042,0.00567326184648017,0.00866163507797786,0.00230389141699259
"331",0.172198813167759,0.0950531324402004,0.0775266790468913,0.0478806473554614,0.0522834083624505,0.0498885382130787,0.0478625244717898,0.0440868853069074,0.0344619063446286,0.0274910086954536,0.0190634610931586,0.0213737588778316,0.0149787819049249,0.0197436494286903,0.0259199555124252,0.0162118255916044,0.0172073776344099,0.0226116804360646,0.0150249853012212,0.011909042936835,0.00590518798562001,0.0150112984261667,0.00766195790387032,0.00668226901846966,0.00352067309195789,0.00528719064577507,0.00551117136658439,0.00825026437507915,0.017350814978204,0.00936689788583263,0.00804048735570786,0.009328989062031,0.00793740076913408,0.00591199519188315,0.0194318872489282,0.00902498064559373,0.00505883196497306,0.00615325785927213,0.00911794044529445,0.00266844165783608
"332",0.171648852858222,0.0945568609890621,0.0768967579380413,0.0478563255157091,0.0517618619788456,0.0498682190369454,0.0475574140782765,0.0439296504839888,0.0338978947624238,0.0274964346654533,0.0191224547496591,0.0210517711496249,0.0153746638823371,0.0198516181461562,0.0255530968152475,0.0164042121821231,0.0172928659870854,0.022675672819119,0.0153164047125657,0.0120623910219345,0.00589472695077052,0.0151224602493176,0.00778891363414095,0.00693827028489953,0.00367141670406613,0.00556976723215995,0.00566622199194278,0.00818953976092843,0.0174312329249301,0.0095268717225167,0.00829100256308173,0.00938848671766813,0.00823724142575767,0.00594870805297282,0.0191566699835581,0.00903497709283548,0.00526250995342659,0.00629207519057364,0.0094262098059668,0.0029872739856665
"333",0.168709488571103,0.093944570449324,0.0767268619904909,0.0479504132365694,0.0520098462221077,0.0499380143006628,0.0482066960666434,0.0441166119124733,0.0345026350601879,0.0277238817773538,0.0192987808304081,0.0215900816732652,0.0155459090129971,0.0205696413924566,0.0260401521555753,0.0169585620835673,0.0173720012084235,0.0231068134949241,0.0155706383360784,0.0123360263964959,0.00564572169775686,0.0154025329051094,0.00792829831231354,0.00675395377299275,0.0032905651217311,0.00524181742757759,0.00557692637697771,0.00837769915536352,0.0176033225547656,0.00970201527130028,0.00824016615542953,0.00952647205145778,0.00812698618916419,0.00565695128077679,0.0196424775403059,0.00899202507147665,0.00477561905134842,0.00588398040363027,0.00899319983539064,0.00242164365402345
"334",0.17171914042,0.0950761412701037,0.0771663197234237,0.0480108776886122,0.0522289761788529,0.0500648986109656,0.0480006317197938,0.0437342326916053,0.0341263776476564,0.0272877689855742,0.019128422709987,0.0212960124167566,0.0153223029308335,0.0199510472266092,0.026014979320112,0.0163514036922838,0.0169829676659535,0.0225150182882244,0.0151451361761434,0.011920430398716,0.0059480312093592,0.0149876558204959,0.00748438376645534,0.00685457107014352,0.00375744286137239,0.0054781109545721,0.00565259034095119,0.00815742075003287,0.0171671788772914,0.00964746141470475,0.00817040780271517,0.00943921208686748,0.00813397914472409,0.00577589222225652,0.019404997235683,0.00867479924291142,0.00513234528635132,0.00618747992669962,0.0091097170742144,0.00279323714999137
"335",0.170378864348214,0.0943462802400878,0.0766064578195728,0.0476879365049223,0.0515617606374324,0.0496216667473211,0.0476539724356148,0.0435226406371306,0.033848134357106,0.02742809716599,0.0189577901420454,0.0213285049244663,0.0152826089595356,0.0202859604695521,0.0258476993330558,0.0164628815445115,0.0169970359540337,0.0225445202027899,0.0155689781559907,0.0122816803336493,0.00634671193459303,0.0150940651516439,0.00765576637960391,0.00699643425029174,0.00371395344535167,0.00564593366742822,0.00572292440340708,0.00841015704089272,0.0171258731615231,0.00965653726203363,0.00849785976501074,0.00976218300400073,0.00835812186070125,0.00614709524403207,0.0192343407617065,0.00908240324800667,0.00530616176749816,0.00641195739905046,0.00958396146902905,0.00303408787117326
"336",0.17171253141236,0.0954390124453289,0.0777674200098859,0.0486525256642819,0.0522523155725626,0.0502363155362316,0.0488433334485263,0.0444183561032147,0.034438782184511,0.027805536659334,0.0188921157636489,0.0218058525150251,0.0154336776674696,0.020747435221868,0.0262694272383814,0.0167835008618203,0.0170573515024479,0.0228417037694793,0.0157014794218372,0.0123122842187095,0.0055346833884801,0.015265453275257,0.00737368015631094,0.00629756574471361,0.00265600163099163,0.00482809202341868,0.00494182746840958,0.00802969061609884,0.0172721986128942,0.00932710449989927,0.00827350372058066,0.0094258544175363,0.00757950413561213,0.00521989868596043,0.0193598029580709,0.00850173493211084,0.00442796996395516,0.00549446294183279,0.00879439419546298,0.00198561941547955
"337",0.168815538223396,0.0935998800586253,0.0761853054152332,0.0473495388170304,0.051520427407924,0.0491723265509054,0.0475350761536498,0.0439814916675146,0.0336228749648723,0.0276043298325059,0.0190058551162934,0.0215562254792332,0.0153229334739722,0.0203381421118624,0.0255777260405546,0.0163989912574282,0.0172833992729885,0.0226182897780914,0.015755349493502,0.012601156316322,0.00638215060048683,0.014962471994178,0.00805740814091031,0.00712328527795605,0.00376070470755677,0.00567960951085643,0.00596219353403398,0.00844479371314797,0.0172798031276312,0.00933551320246542,0.0085318477185692,0.0100545012870114,0.00837566521044045,0.00628860674789498,0.0195379071288485,0.00922638195454751,0.00549516935977819,0.0066698876485856,0.00951534460351252,0.00347189709968453
"338",0.173427307447257,0.0963009600012288,0.0781835804106354,0.0485793754375394,0.0529039237678198,0.0503411023845951,0.0492828308465789,0.0449124876583435,0.0349267696996564,0.0275459488903646,0.0190988968960454,0.0217673500164123,0.0154202809861289,0.0200315673740707,0.0262129070427301,0.0164628416196086,0.0170015241828686,0.0229143183679834,0.0156606688342823,0.0122090261117697,0.00540110364242423,0.0151281802285201,0.00729681273566994,0.00608802466630797,0.00255640986444197,0.00463307529216156,0.00475891280773944,0.00795244442564584,0.0168329024179777,0.00879687833138373,0.00782905714355776,0.00910716910768687,0.00760380839737412,0.00509092816124882,0.0192179370791471,0.00842771105429226,0.00422860413211676,0.00546219646592042,0.00845882534701816,0.00194535072344617
"339",0.174212697542901,0.0960357775715475,0.0780265672268207,0.0482507616464447,0.0527632067759784,0.0499723818030988,0.04851122839378,0.0447800068485046,0.0341408201118814,0.0273069072962783,0.0185765513021913,0.0215471203504272,0.0148810622602733,0.0194169218101399,0.0254861051260907,0.0159831008953347,0.0172274048328507,0.0226734362651488,0.015483456431704,0.0120997892643908,0.00552725656133213,0.014569162458099,0.00740021878558627,0.00660400930799918,0.00343928316990428,0.00522450907086436,0.0051002716393437,0.00803309056178953,0.0170785155321536,0.00891668020888931,0.00762291452766013,0.00915502070602787,0.00753090773958566,0.00541118893931994,0.0197256296131541,0.00886276641647206,0.00503175461483412,0.00584168268011878,0.00876589731991384,0.00278393639116488
"340",0.17260532085934,0.0952520018833928,0.0774587976463885,0.0476136918903166,0.0524759810155933,0.0495832013028586,0.0479680274496313,0.0443673004382999,0.0340555429021681,0.0272393186246236,0.0185568095971744,0.0216500160790042,0.0150982381887908,0.0196819445355352,0.0256202178358679,0.0160978381549464,0.01727821050285,0.0225697102768141,0.0160036394151087,0.0122936763991204,0.00589684016670736,0.0145228436192618,0.00731058119114546,0.00686763691188512,0.00380872041938832,0.00548817386172213,0.00525287936115183,0.0080525848877327,0.0172899022069187,0.00854289202961574,0.00770167070016205,0.00976122538389049,0.00774169959652729,0.00586743024450032,0.0196036236112786,0.00927055072308831,0.00504559650606015,0.00639675056266725,0.0088556579604908,0.00325325505798079
"341",0.17729558410893,0.0971232999986974,0.078912481866513,0.04860903824368,0.0529756073173848,0.0506271776045191,0.0486726511454209,0.0448400647893625,0.0343006901874409,0.027419429809735,0.0185559514908812,0.0211977362432549,0.014867504544113,0.0196428437997997,0.0257117079058836,0.0160041111248851,0.0170390018846159,0.0223018849855984,0.0153375180075464,0.0118152325225828,0.0052560854964422,0.0147059147051431,0.00681655550190974,0.00637089934469579,0.00325653111553945,0.00459846692778317,0.00458107897248885,0.0079766332869157,0.0169858068193172,0.00862519650311049,0.00742417044109052,0.00879941932617023,0.00741710771988818,0.00534684120800562,0.018962775726108,0.00836600897726011,0.00475789045826235,0.00551774967632822,0.00856252216226317,0.00242282805043318
"342",0.170261381207227,0.0933272317681007,0.0763332487290928,0.0475185711139565,0.0516619404717223,0.0491080212546818,0.0472690307822848,0.0438311248924096,0.0340528438663642,0.0272865402078604,0.0190396027167806,0.0211756754645676,0.0148380656898516,0.0197902738554953,0.0256009074264836,0.016313945124685,0.0175188431468666,0.0225498805774497,0.0157112463555006,0.0125525438288354,0.00643283713842287,0.0148119446595884,0.00791329640466601,0.0072916203749211,0.00447074750076736,0.00609063039274474,0.00584656497580684,0.00852249973636711,0.0175456589717818,0.009080109507959,0.00791792437851415,0.00969421717090941,0.00812002184652507,0.00641564312225637,0.0194979416200105,0.00934402941748826,0.00557134876626068,0.00677787211147116,0.00903766417831348,0.00387650924500976
"343",0.172526498762899,0.0958500078852451,0.077591537614478,0.0485783083389941,0.052543456788711,0.0503923349398361,0.0490513438392354,0.0448342963983853,0.0348430121717228,0.0275068190819299,0.0190292374951898,0.0216797617925081,0.0151721460465418,0.0203185617632696,0.02640520787711,0.0165890776634021,0.0173135357934616,0.0226169587117439,0.0157061911289055,0.0121040187653177,0.00543341008929289,0.0151933379837184,0.00728723869341121,0.00652741196188719,0.00326429875427295,0.00513222600985188,0.0047268104605103,0.00809425213627425,0.0172573704608309,0.00872088906927522,0.00757233591814964,0.00928928711051605,0.00746457857084797,0.00520499002799663,0.0191869306636975,0.00867265251747697,0.00425969947466576,0.00557470320598942,0.00827498986606962,0.00221027416637862
"344",0.164652857631354,0.0917648711827366,0.074554431472514,0.0467233990441821,0.0507290745679767,0.0486663987113706,0.0468309878958992,0.043756462030512,0.033560913466063,0.027243336371434,0.0190787998670119,0.0215426217152251,0.0153803705278991,0.0201280340846078,0.0255988812230558,0.016498656890849,0.0177023198749741,0.022877077110143,0.01620385097416,0.0126846989612424,0.006928528040038,0.0153113249081992,0.00832402019247576,0.00797596311409599,0.00505969538563654,0.00641320090370748,0.00615444180561623,0.00885942808123032,0.0175052411579366,0.00971802714231286,0.00864057218001192,0.010556856755618,0.00876332151826345,0.00690890973653136,0.0198796990600484,0.0097114871066215,0.00593180079499298,0.00713174008962149,0.00984893727708109,0.0041987611467503
"345",0.170499726466414,0.0955204858441542,0.0770450277925797,0.0476969113721857,0.0525458109122098,0.0499361821166415,0.0496883781084794,0.0444715027494026,0.0344742039642544,0.0275651261968975,0.0193470820061765,0.0214326531259361,0.0150956820867667,0.0196870999930505,0.0266799946734899,0.0164370984156361,0.0170739332501733,0.0224116152488325,0.0157860736990522,0.0119391807090581,0.00570166061250862,0.0158367427094736,0.0074879795679226,0.00669842494158946,0.0037993378661147,0.00580646992418913,0.00479382989333677,0.00843312061918358,0.0174604753648311,0.00893404871399412,0.00772749424251401,0.0088902290768866,0.00776769323006414,0.0056159139269195,0.0195271000316984,0.00887238606299528,0.00429914846853413,0.00566746403142623,0.0090442008995507,0.00230251108487681
"346",0.172682566535761,0.0953982762553888,0.0774311045542985,0.0475824663572199,0.05243585028593,0.0500319371107698,0.0482831042671892,0.0443551046269642,0.034340360977056,0.0276016084256495,0.0190946398074797,0.021110744999215,0.0149189934409616,0.0200195184987611,0.0262032620916903,0.0160532811121646,0.0167589379844549,0.0220904666713118,0.0156117148268528,0.0121446553891762,0.00585620874653568,0.0155310032030158,0.00768008499410615,0.00696612339382515,0.00375346124922657,0.00579768825479052,0.00481526550044663,0.0081315686601821,0.0171326481416627,0.00922733055280223,0.00829855595570694,0.00887378195138749,0.00761334256167332,0.0056474035816149,0.01919158343956,0.00873414128291473,0.00479511675344561,0.00575771463343154,0.00921703668494873,0.00283134624042785
"347",0.167511619731509,0.0927847762257838,0.0753916061498069,0.0469399509989066,0.0507599697320947,0.048966190531395,0.0472786120208505,0.0435310333835248,0.0338485484941812,0.0273595439632791,0.0189445731627273,0.0215049666914166,0.0154553609969576,0.0204347020429962,0.0256396810141308,0.0162471821836948,0.0171545325804463,0.0226308770516215,0.015857827017033,0.0127770227825186,0.00657111655859278,0.0155527546983422,0.00810243572986143,0.00746885597180254,0.0046282785267955,0.00629216950103104,0.00577172840732592,0.00876126115523433,0.0172787205704181,0.00962762858188567,0.00911382887627225,0.00979711889773619,0.00818396388468133,0.00651314949156192,0.0194376824866421,0.00968793996400999,0.00553656884178418,0.00682448818904649,0.00995296141549669,0.00387877149660509
"348",0.17235331840879,0.096040383264006,0.0775559755738402,0.0483816667670344,0.0528409832516583,0.0503277249287867,0.0492011408743032,0.0442650749218445,0.0345453805723003,0.0274759207300238,0.0194541537830021,0.0214118053522238,0.0151703110636968,0.0201363728210905,0.0268994188383253,0.0164752093628927,0.0169397777829283,0.0224983450613909,0.015587367900936,0.0121289280238157,0.00548886533401481,0.0155855113237991,0.00742188208949696,0.00626183658525853,0.00351418509168327,0.00539032105569603,0.00450808128453201,0.00801693516676569,0.0170931905939893,0.00887097770481471,0.00806160319617646,0.00873529095809493,0.00728868875055522,0.00546551429401333,0.0193828426518485,0.00864131538925684,0.00420738769394726,0.00536835129808414,0.0090093079263616,0.00199865232872221
"349",0.174262988768186,0.0961486341678281,0.0779429353234827,0.0479950855096411,0.052568528492529,0.0501496825978947,0.0483260210964437,0.0443401917674034,0.0345256787349897,0.0275361959045996,0.0188104252674597,0.0213617214169763,0.0147707391065619,0.0197967674167771,0.0260987603019302,0.0158315370520912,0.0170942313617142,0.0223127785788911,0.0152471309701817,0.0122859199044596,0.00565195190336781,0.0147549583231865,0.0076302432239608,0.00654798527524695,0.00307375598505853,0.00530048756459048,0.00491792194410051,0.00787287135660743,0.0170688336170321,0.00913681818934307,0.00810507956815858,0.00925955569052709,0.00762486563869748,0.00539370221873184,0.0194358799327593,0.00870191654898285,0.00465972673337179,0.00575648421412645,0.00907095569066062,0.00263005264144955
"350",0.172368692479211,0.0949789510294459,0.0771563739010695,0.0477095683690077,0.0518104674055157,0.049731437322859,0.0479460287597673,0.0439895159724062,0.0343628870258155,0.0277648095666646,0.0186451459299263,0.0214289187276578,0.0150352763791712,0.0199942117049427,0.0255473595944566,0.0158998940762536,0.0172008846381295,0.0225850660550261,0.0157738155976077,0.0124295100359223,0.00599540316669576,0.0147608290668184,0.00746076080894304,0.0067845169507135,0.00383839574150786,0.00524216773244219,0.0054353457976201,0.00830463465645026,0.0171745256696329,0.00903137625558511,0.00798264950130198,0.00919410055720643,0.00795461269844464,0.00581048471423676,0.0196346214453817,0.00944769171784883,0.00522686771408588,0.00624372512711116,0.00901157104779401,0.00310690505932332
"351",0.16907458382989,0.0938365845849748,0.0760597635270512,0.0471293343739072,0.0513694116061246,0.0493201878133924,0.0474860141261948,0.0433823958477619,0.0338426576477381,0.0276781409496059,0.0188920085761436,0.021315946882485,0.0153810913320223,0.0202660131731044,0.0255868027723488,0.0162778040985059,0.0174496414709605,0.0224480111492831,0.0157627905021552,0.0123646403530885,0.00595590034344146,0.0151184116009433,0.00800839945201333,0.00726647554853962,0.00401720637198299,0.00602035687023518,0.00567368122920475,0.00869593075227751,0.0176391849744798,0.00968928317563623,0.00884477660693523,0.00981211590279934,0.00856768598203876,0.00623503438493877,0.0192237570967871,0.00935239081951067,0.00550316628941994,0.00657829709076026,0.00939074532186172,0.00348337556945569
"352",0.175232597600177,0.0974839249789157,0.079166621150439,0.0486791437076488,0.0530408909003583,0.0512490612456071,0.0497417739292937,0.0449253670208479,0.0347765894181767,0.0278532242005565,0.0189218708250948,0.0213505680502103,0.0151663539847177,0.0202673384010833,0.0262992032001459,0.016527042255119,0.017083686282553,0.0225487046482831,0.0154855781793655,0.0118018884115854,0.00468005618579176,0.0150919879543108,0.00718942005059914,0.00580825868558926,0.00264196584024199,0.00473556682304928,0.00443470111041022,0.00793401178631629,0.0167508389537539,0.00881009295909869,0.00757449408948501,0.00861727542313483,0.00720327129822776,0.00487236885215831,0.0190008520352936,0.00816809068034588,0.00382168058904447,0.00504370575174455,0.00824216089928882,0.00177777164193718
"353",0.174350166803885,0.0964880808748766,0.0780709857773129,0.0484811546245319,0.0529625531382712,0.0502777255657142,0.0481326510429459,0.0449913449576106,0.0340264231506748,0.0276398742917327,0.0186700361755729,0.0214277002406076,0.0143990958519651,0.0197789686175068,0.0256982624917019,0.015541025963729,0.0168886029521395,0.0223881424356354,0.015497523015632,0.0121387253034585,0.00543277088759261,0.0147214961220495,0.00737049153463594,0.00642688653512575,0.00358542292146834,0.00542269177853907,0.00506418300428749,0.00823525652430067,0.0169851132897565,0.00864960570588576,0.00749087861075036,0.00911065168446099,0.00735938105267936,0.00565851183588945,0.0193219548878977,0.00907267219164225,0.00496649402202016,0.00608736980239422,0.00804787622262685,0.00314124811049212
"354",0.16913205925144,0.0938750749397498,0.0759253557842906,0.0473443036221007,0.0518068068901881,0.0494399867316827,0.0471635322602463,0.0440578510889456,0.0335335427689205,0.0277725131503309,0.0191756145550591,0.0214289068660178,0.0151653870294288,0.0197343856456628,0.025338202824057,0.0163071989779928,0.0177163165857117,0.0229377538707239,0.0157262365778364,0.0125511711838475,0.00655374464374835,0.0147331370051477,0.00782119674227549,0.00721373457125298,0.00415957733208436,0.00611312317357967,0.00587736840556879,0.00853762483242639,0.0169747475540213,0.00889387118541302,0.00838547219954098,0.00971758232318345,0.00812571005227336,0.00648259109154905,0.0194999748090789,0.00959320261658201,0.00581692571016057,0.0066207117784722,0.00894332491030738,0.00380417845910052
"355",0.169960159901319,0.0946085664228068,0.0767217777264465,0.048151974200139,0.0526937145832114,0.0502625664055577,0.0484286101336268,0.0448358666587328,0.034592860913892,0.0279655676389668,0.0193807915957338,0.0217178780867984,0.0153265552593296,0.0202319659381899,0.0262193117251804,0.0169213615477105,0.0173899684006689,0.0228438156786689,0.015762908773198,0.0123577142523436,0.00564520174629667,0.0151978129353448,0.00745232852919828,0.00650032177767433,0.00345899462899932,0.00542479417586557,0.00512143288362664,0.00839961415567491,0.016994068488833,0.00888819101159986,0.0080993462795368,0.00928346999783096,0.00761027596273015,0.00562642094916054,0.0193205802179895,0.00900238330267101,0.00474895491261507,0.00587473098302494,0.00841140434379576,0.00256573687501121
"356",0.164894493045776,0.091745630057179,0.074599703540426,0.0467414410096187,0.0510972649755952,0.0488252233663991,0.0465876112968493,0.0433681089698262,0.033604406150962,0.0274610446397856,0.0193149601313162,0.0214523950523614,0.0156099462587056,0.0205589659910931,0.0258664398167379,0.0166150564821889,0.0173588623076825,0.0225597354337546,0.0159132159197575,0.0126893378679801,0.00671884090612232,0.0153459573241531,0.00832863992233758,0.00775491038853508,0.00454996352037892,0.00627608661979908,0.00626403458374616,0.0092268084698868,0.0178349558064395,0.0101562792517367,0.00920547119467393,0.0101150837954507,0.00879315526403207,0.00667921983523234,0.0196301540690762,0.00954855758678556,0.00588502557537719,0.00700863746834418,0.0100061654102828,0.00380821069361551
"357",0.168893937689138,0.0943673626126606,0.0767911320336866,0.0475912388527602,0.0526282199244628,0.0494420071585554,0.0492792693279165,0.0440809975700556,0.0343030919462387,0.0275026616035248,0.0196044926373513,0.021640274316963,0.0152234003047786,0.0201565512764614,0.0265945414449848,0.0165374613955967,0.0169930796427118,0.0225088484810243,0.0160202538970006,0.012211963910259,0.00581539426622178,0.0159587653238003,0.00762322836989174,0.00678158935178435,0.00368720710375487,0.00595875693125002,0.00505855200132083,0.00863555156165545,0.0174772324264917,0.00929190551717535,0.00808372283819578,0.00898108891446415,0.00787296250919271,0.00595709037568403,0.0195663635353388,0.00873661682994074,0.00455608742755934,0.00588787285134396,0.00927535626638704,0.00242386957241677
"358",0.171137599700673,0.0948563184207963,0.0771543871623494,0.0476137715455222,0.0524312291807297,0.0494938040542993,0.0480995302576859,0.0440716032130594,0.0342374009436772,0.0271570781720597,0.0192392038307311,0.0213923474464677,0.0152602960670853,0.0201796408876552,0.026293200421214,0.016091368293274,0.0170728624902323,0.0221766570092484,0.0155441081322516,0.0121999256909598,0.00591410607968464,0.0149411845346077,0.00758815726179175,0.00660498500049192,0.00410308033492248,0.00598526422718534,0.00541182953306995,0.0084414319837965,0.0174782513109707,0.00931514905439251,0.00827531821987787,0.00913486713416919,0.00801185520011918,0.00599139756258563,0.0191533607437141,0.00881451983104403,0.00501338053882771,0.00619284365950001,0.00921343904789161,0.00271324582138558
"359",0.16774241388085,0.0929710271802203,0.0759165453576308,0.0471464415982016,0.0512813288773185,0.0493967459842448,0.0470391880454259,0.043294119469496,0.0340521329766899,0.0273042381908544,0.0191065238837143,0.0211426677871567,0.0156031518056268,0.0201154612415034,0.0260075905946546,0.0165655102192757,0.0171772288732042,0.0224444049090847,0.015628393576313,0.0124232293347023,0.00663984015382022,0.0155440000400458,0.00813541601252335,0.00717952953988246,0.00449445942342668,0.00624176662704953,0.00588913524244424,0.00892680428053481,0.0174880915970898,0.0098519913727603,0.00872507451044061,0.00969611598937252,0.00850018436751366,0.0063227548396515,0.0193972559131775,0.00929120806680618,0.00581268368157376,0.00658138973510889,0.00959281877934415,0.00333113604126626
"360",0.171006842578738,0.0952229461418908,0.0775746128207809,0.0478807853683693,0.0524860802554906,0.0501916885523182,0.0487144632341299,0.0444962567891307,0.0346534844637637,0.0271468281870582,0.0194942672586503,0.0214769619606917,0.0154296348797542,0.02005385813021,0.0267135556570257,0.0167393793301545,0.0171204213698568,0.0223935627683783,0.0158958295818313,0.0120279083006162,0.00558448055563836,0.0155850219827112,0.00775138275729514,0.00623509948025897,0.00362572009687742,0.00559907592028371,0.00517104679641265,0.00829728155666226,0.0173181998690349,0.00931356146930626,0.00790878644744365,0.00864917882920133,0.00754516461046385,0.00567489707661166,0.0193929693265623,0.00858829895878408,0.00463779750047062,0.00564102645359715,0.00867808366587147,0.00208355901767392
"361",0.170482798755518,0.0943346053435412,0.076698254715937,0.0477201222309529,0.051718623913429,0.0495339069521887,0.0477888332497857,0.0440715905167878,0.0339516414116475,0.0275253700365627,0.018977020415538,0.0213630212238333,0.0152604339120392,0.0201636055319913,0.026058430640657,0.0160727306763982,0.0171026729713034,0.0223978696047335,0.0154615314794575,0.0123323492591587,0.00608497933278593,0.0151602607806346,0.00780918968089831,0.00688491357810524,0.0039458528396573,0.00565652552170971,0.00562451815677632,0.00832011350005537,0.0173572298071515,0.00946702406029025,0.00842789937359662,0.0094851017608089,0.00817641135252505,0.00585461402345815,0.0195190513760383,0.00892902384579058,0.00538589442830299,0.00632761875317222,0.00949896639589108,0.00306939859089058
"362",0.16892942384162,0.0940881721480443,0.0769115816897064,0.0480925455727043,0.0520343608597554,0.0498148837402875,0.0480309600232159,0.0440331760610671,0.0343377375834119,0.0277179577988233,0.0190280889977832,0.021724313425069,0.0154247404291551,0.0202903630926964,0.0264108157779643,0.0168594350068313,0.0173246841175833,0.0231646555895972,0.0158745798825326,0.012404532890393,0.0056432790591227,0.0154535453015398,0.00781387741327039,0.00658482474912884,0.00351179589945889,0.00541078049463759,0.00537399431994611,0.00839320961751057,0.0178016113723054,0.00967155669834214,0.00818125525795294,0.0093960094779992,0.00806324769930988,0.00554782034466075,0.0196491651074527,0.00896975309864619,0.00475837415241499,0.00589928889375687,0.00910819350074948,0.00227140901355316
"363",0.164574302679482,0.0918953708939713,0.0749740654884095,0.046706537301011,0.0508542871841585,0.0486716165316877,0.0468553222628914,0.0432175968235065,0.0338511004120893,0.0271826810605993,0.0191320277620534,0.0214124035849194,0.0158094111035594,0.0202582789864057,0.0259229137750371,0.0168977869526961,0.0172067902346146,0.0227931124097151,0.0158585738465484,0.0126551212259212,0.0069871026272609,0.0154166546591785,0.00844372892628242,0.00761848087838455,0.00476696229791867,0.00622907307382814,0.00640886407060138,0.00904911173097772,0.0176089664658789,0.010437668057397,0.00862520059730197,0.0102981920247933,0.00891884953050849,0.00671029183306725,0.019570346039268,0.00948246269252207,0.0060878592054066,0.00699609215535719,0.00993407146784412,0.00368072114694566
"364",0.166810657623558,0.093880043267061,0.075812729088008,0.0471673457182065,0.0520885148805871,0.0490745915185819,0.0485228837640754,0.0439432523272279,0.0347553247862276,0.027585882056098,0.0193952547673337,0.0213546856362023,0.0159587770081378,0.0199140775973375,0.0264355979425756,0.0168544282297115,0.0172533178687687,0.0223742974117329,0.0157793744549854,0.0122370015315613,0.00634992519953017,0.0160514687992339,0.00819464661833,0.00664262559939809,0.00422463584030901,0.00615893496175886,0.00584953946089517,0.00885589086179512,0.0173500381757619,0.00983685814788827,0.00796032665384607,0.00931272797900773,0.00809006034920162,0.00604960191342981,0.0194422053029127,0.00908306357421051,0.00526009195343076,0.00624282325418404,0.00925900998821781,0.00258748788867994
"365",0.169488031357974,0.0942308456516877,0.0771958214938202,0.0477771494866799,0.0525154518216429,0.0497091204782171,0.0489050322752323,0.0445166157769442,0.035065695443622,0.0277961557475201,0.0195527979103615,0.0219431931263584,0.0156294574702959,0.0200108819902053,0.0266855462527998,0.0171384024428732,0.0173135244914641,0.0224710584221062,0.0157748535791035,0.0119293191739525,0.00573375154322735,0.016142927286446,0.00748592078177329,0.00617385963978264,0.00343103496493714,0.00567256307839263,0.00515685142373824,0.00841932711905218,0.017629730713654,0.00959777064954527,0.00781093518630806,0.00908267822709112,0.00763757001440218,0.00530298842634703,0.019431635881726,0.00844797472369063,0.00444839348389522,0.00581266520910238,0.00904561661657595,0.00188685063745247
"366",0.167788593536362,0.0929438872487774,0.0759204954212811,0.0470823374998641,0.0518362403490881,0.0491587613895977,0.0471298186091655,0.0434993548227286,0.0343401487944074,0.0273794604038712,0.0191823803901786,0.021438667485295,0.0156714287103666,0.0201097833397593,0.0256533408232875,0.0164251889159249,0.0173896664186382,0.0226395950909031,0.0154227690042752,0.0125817393248778,0.00662717774034013,0.0154399702800175,0.00821676958734211,0.00671841647867498,0.00409510908918569,0.00592416960762841,0.00578995400782044,0.00850581530065921,0.0174127066508132,0.0101512631975707,0.0086666472896766,0.0101688374000782,0.00864350794328766,0.00610626469703654,0.0194715989169476,0.00920979267245197,0.00557825010109831,0.0068057702508542,0.00961592005955868,0.00325840115030933
"367",0.171357303160637,0.0952374332727855,0.0781609487423799,0.0480482198327811,0.0527771178978666,0.0500223060547602,0.0486409798148518,0.0447676848351019,0.0353838942869251,0.0274271166165598,0.0192015032815748,0.0219977641643214,0.0156761955603182,0.0200329135277404,0.0267737316848534,0.0165330961359179,0.0171777965473446,0.0222293361002647,0.0152580733358228,0.0120391697011087,0.00560248837427664,0.0157910822279818,0.00743794658300961,0.00591489882671746,0.00318588969501679,0.00515237671799706,0.00509621035414523,0.00789408374251152,0.01745698476768,0.00940432005820041,0.00784869358476385,0.00907826968621862,0.0076389036448598,0.0053028404337552,0.019335708395013,0.00815933255183648,0.00439291392114051,0.00587785740946011,0.00875556074467116,0.00193105372682937
"368",0.16823195012234,0.0936559016668701,0.0766774726451235,0.0473490822247744,0.0518867673090389,0.0487897618766629,0.0469114285267656,0.0441086011841742,0.034442535373997,0.0276564781287083,0.0190334164526788,0.0219616572329062,0.0154339547270344,0.0199823925219488,0.0258409129948625,0.0161100531288058,0.0172668896012783,0.0223134942743248,0.015366267053398,0.0127979383570851,0.0060699879691821,0.0152265736108648,0.00816019479399201,0.00695040390771486,0.00371961634387732,0.00591292141276518,0.00578103747326662,0.00816539275071658,0.0173976039961252,0.00966928065291168,0.0087014825887705,0.0100402332182734,0.00836599912675097,0.00609777042609904,0.0196990005488193,0.00908721550969044,0.005417305283366,0.00701467074082453,0.00938333695202329,0.00332301729118837
"369",0.167804624028984,0.093410442436867,0.076852637944355,0.0475609103226234,0.0521645441130789,0.0493304590646656,0.0478533120054012,0.0444770145969192,0.035197604115851,0.0274407646400815,0.0195682605317198,0.0219231685697291,0.0156056860421786,0.0204243042275152,0.0264574581264594,0.0165714134636686,0.0174763507025557,0.0227305512753678,0.0155932027010165,0.0124097479684452,0.00576607449136316,0.0156362720175843,0.00805313445915526,0.00666642931375328,0.00362163094895707,0.00566345504055794,0.00565059752097098,0.00810003747970074,0.0175659658914956,0.00970014806970033,0.00830849332673356,0.00942105886882466,0.00802902429872448,0.00570418417802694,0.0195958877825599,0.00871229769152568,0.00493920087082163,0.00642660112021169,0.00907780363486268,0.00250924611698742
"370",0.171446660838642,0.0955672917206979,0.078215794846042,0.0480922643665357,0.0527697292254661,0.0500985126174798,0.0486438005703908,0.0451246532581511,0.0356505517636984,0.0275368620247035,0.0192766536607968,0.021955556097117,0.0155540360439052,0.02013655047773,0.0265613129001528,0.0166422495491123,0.0173761151151251,0.0230700413803711,0.0153634267070168,0.0119274112805109,0.00518159990992412,0.0155382261524665,0.00762745524572862,0.00591548375741314,0.00281029206821966,0.00487936315094748,0.00517824515755985,0.00795816185514411,0.0173756666319997,0.00941738798169606,0.00757598594197591,0.00901350524568306,0.00743375535308248,0.00505460731761514,0.0197951922774828,0.00809542118750313,0.00410153113807688,0.00572355147554097,0.00857280764925979,0.00174228605903578
"371",0.169014022159431,0.0940084778656351,0.0764668431604328,0.0472388439983707,0.0520890826691772,0.0489218155610522,0.0471790967443565,0.0440970159726738,0.0344202919773555,0.0276194521331288,0.0193051920180424,0.0216139009427505,0.0150235584770541,0.0197157848816812,0.0257782730210465,0.0162260936138724,0.0172681004159907,0.0227959451583582,0.0152842572222215,0.0125639474391788,0.00613856739294508,0.0152273194136718,0.00806047592924189,0.00707934774053669,0.00414169724199104,0.00586068485581567,0.00600043400945062,0.00826343546799446,0.017302041113153,0.00963043727518267,0.00788809825318457,0.00953754683194098,0.00837577880172044,0.00607879477739744,0.0197575065336329,0.00898934111349297,0.00561935603311646,0.00673983881171197,0.00931269903008829,0.00336660394192153
"372",0.166897188475917,0.0931878136347794,0.0762999909865559,0.0473978212835721,0.0519629283881657,0.049375406836146,0.0479258301523041,0.0440825182847957,0.034768260201945,0.0274962376252122,0.0194724669115587,0.0218155839895503,0.0156288663817058,0.0200413279519658,0.0260910524309405,0.0169664499119376,0.0177850183388341,0.0231779331377011,0.0156774641600087,0.0125100067865818,0.00610162462580023,0.0158769167140188,0.00795948909053289,0.00678750345313237,0.00388201713595135,0.00563473294932765,0.00569141458303614,0.00842833237833074,0.0174557264647463,0.00970842711362171,0.00807098525381826,0.00949414628539117,0.0081630628994662,0.00590677521747703,0.0199710291508335,0.00907034316344714,0.0052498077934807,0.00639104216270972,0.00896073995549542,0.00263571773920523
"373",0.165499870630197,0.0925768714635343,0.0757517269608062,0.0473331345575561,0.0516234124846382,0.0490114136600597,0.047881227441337,0.0442584221625685,0.0343456442618316,0.0276895032399252,0.0197021965153647,0.0220324476769072,0.0159340363889596,0.0205309349251264,0.0265741892331624,0.0171850451079109,0.0175568205215262,0.0231968715652846,0.0160041330059449,0.0125588946223746,0.00601885578067109,0.016276969068635,0.00790257790608763,0.00705369280337128,0.00381159914203076,0.00566343181597616,0.00579432713975993,0.00863349581416808,0.0174093542947777,0.0100142669882875,0.00819126781901366,0.00963323642543199,0.008321008371313,0.00571690409243112,0.0198450974886144,0.00885705781807127,0.00518903697537029,0.00644911068367012,0.00918148175774628,0.00279043138955753
"374",0.1739718968438,0.0971729037166362,0.0783562800308498,0.0485424547942159,0.0532302795034286,0.0502759867201372,0.04942691400793,0.0453422962114535,0.0352877575956553,0.0279206141502715,0.019486025583671,0.0219258303566282,0.0152033871395488,0.0198286096784252,0.0270022132739717,0.0170111195139246,0.0170453628960144,0.022656617978746,0.0155687522184834,0.0119785731133605,0.00493361657248688,0.0159347354650666,0.00691395803530269,0.00580031604957356,0.00247212763435221,0.00441112353818041,0.00463464822860311,0.00783413652689511,0.0170960897251493,0.00889696267037042,0.0071903884629092,0.00853623578177528,0.00718456239611958,0.00439219331838568,0.0193529612514924,0.00808774067825797,0.00380659826619408,0.00533821253748124,0.00858957161635573,0.001359945917897
"375",0.173587887476194,0.0961998675701655,0.0777739924994954,0.0484372777598113,0.0528920654944846,0.0497128379789648,0.0480116402780883,0.0449121460660699,0.0344943126417365,0.0278712735634682,0.018967660486763,0.021589884606153,0.0146052890582475,0.019478122033004,0.0255822177664232,0.016258860634906,0.017548677619647,0.0226820284750726,0.0149599709775192,0.012130584655565,0.00587207585460847,0.0148611938712972,0.0072612160279183,0.00614345151182861,0.00339266310969482,0.00521363623962472,0.00531789522167631,0.00786186806701753,0.0168827053213368,0.00864700703276653,0.00726573566045627,0.00897616369756008,0.00750288971071533,0.00558196702880377,0.0198390596791709,0.00890041441414863,0.00477351367962365,0.00649423585675881,0.00878740138334786,0.00272830898986657
"376",0.16994172160687,0.0940139267922945,0.0762513560964095,0.0476892194248581,0.0523231147817977,0.0492114528970408,0.0470948146858596,0.044740224366831,0.0341868483818773,0.0276534333216022,0.0190325024137607,0.0214228082995404,0.0151355294091131,0.0197348889811301,0.0254498468224593,0.0161981710609983,0.0176496001001071,0.0228614812369259,0.0155628383383013,0.0122075271487819,0.00591575422261952,0.015058184123085,0.00765737929774993,0.00705857666003397,0.00410724612316157,0.00600343153343996,0.00583172171382488,0.00820637572757235,0.0173868728865146,0.00922667078850339,0.00765219294226583,0.00962973893622003,0.00831465746144482,0.00595360740134245,0.0199121323127914,0.00905568376186421,0.00562533975160789,0.00685678980713744,0.00898452051958911,0.00320181786267325
"377",0.169005156092202,0.094042216549464,0.0766965619604218,0.0479457662482922,0.052213219551132,0.0498462873141075,0.0479720080948391,0.0444795506331338,0.034620893306686,0.0275187910014418,0.0193279834440548,0.021758534469838,0.015458704330169,0.020222545720812,0.0260725308099107,0.0168884316060199,0.0176685261706183,0.0231695181787797,0.015782562852706,0.0122484458725812,0.00573203461644989,0.0154988458269088,0.00763900766707551,0.0066095109366309,0.0036141688496294,0.00553134740065292,0.00552946065174882,0.0081756507412236,0.0174086392575125,0.00967064065582341,0.0078566187974943,0.00935924482301349,0.00812182194127618,0.00546421793652552,0.0199620670754207,0.00887538442407694,0.00480056822895071,0.00610769222493465,0.00877020553195823,0.00233463820548358
"378",0.16846668990079,0.093262798642153,0.075947131728626,0.0472316475442632,0.0517125136517644,0.0493959648971238,0.0472655909967567,0.0436975197967135,0.0339550443323824,0.027138985936081,0.0193192347242199,0.021635928875327,0.0153362877749639,0.0200512558820299,0.0257581869527077,0.0166877886069586,0.0172433320187556,0.0226208537908036,0.0153097676620448,0.0122694139154969,0.0065287901595384,0.0150624749785156,0.00796128085212625,0.00732612947697254,0.00415546360362654,0.00593008696698906,0.00627323033248558,0.00852621540249679,0.017342683345888,0.0100885312581813,0.00847679808492642,0.00975847680757778,0.00867427067815536,0.00631353448132697,0.0193681522327096,0.00888295228851826,0.00562132954492513,0.00670337265625252,0.00938333893914492,0.00331695027968132
"379",0.171997183020691,0.0951155733159896,0.078218199017731,0.0482917264008541,0.0526048897579183,0.05030479442641,0.0486755497637297,0.044677891600611,0.0351022761760587,0.0272861009572588,0.0194892759428561,0.0218845073652331,0.015360777668825,0.0201979251761142,0.0265053607486544,0.0168433700236331,0.0170587288716661,0.0224861947441916,0.0152793984560765,0.0120387943723541,0.00559734257884301,0.0153700153400067,0.00740466974459689,0.00630662488797476,0.00351429782477427,0.00501781723053283,0.00527854153738881,0.00782205190733361,0.0169031381718748,0.00941620852775197,0.00767404541068722,0.00900475800844282,0.00770053297320229,0.00523500116833554,0.0193150472844293,0.00835798564185964,0.00441134329098331,0.00563910045381596,0.0086312681766438,0.00198169203366651
"380",0.179507338045573,0.0981249195956102,0.0802254685131754,0.0489171026096874,0.0537778223276448,0.0508695661888011,0.0490892554868577,0.0453885522602204,0.0348733544260313,0.0275300940094738,0.0187329669131631,0.0215017176313089,0.0146739849252835,0.0195455968174582,0.0256193454070276,0.0159411656418586,0.0165722564525889,0.0220558828650776,0.0147523626393805,0.0116161294184867,0.0048673889740919,0.0141728287444791,0.00693270917742257,0.00594181164631552,0.00218942888378401,0.00430781377211998,0.00450711787945001,0.00694924037818986,0.0169238481141629,0.00871660504624612,0.00753914825489156,0.00856391258870946,0.00730719768805297,0.00480486824912107,0.0193442354139628,0.00777890429938255,0.00405468932632025,0.00570750913497834,0.00823358845188721,0.00184227180172286
"381",0.16856513842618,0.0920742823371994,0.0758793221781214,0.0471664179497906,0.0513983101829658,0.0481827833459555,0.0465793519757588,0.0436251981559389,0.0340470100849549,0.0273414586539545,0.0190273123366878,0.0217617741079111,0.0157256007449637,0.0203779383010987,0.0256239644752696,0.0157820666957875,0.0175763714609867,0.0221215565505522,0.0152604081803336,0.0127264247803462,0.00650333373843753,0.0149396329383654,0.00804670060389224,0.00784934320564185,0.00449716448545067,0.00606562270098044,0.00604700933895651,0.00825392540657195,0.0177152736868726,0.00958098047322977,0.00831449943591881,0.00934542094526753,0.00824722925640589,0.0067284474445112,0.0197828614476045,0.00979098265489657,0.00657840001263281,0.00751715856276648,0.00903073676913402,0.0043225859677065
"382",0.169868675917773,0.0937420165819535,0.07697799424683,0.0476002195941901,0.0523373565492485,0.0495498638767298,0.0484391999944209,0.0446741849874433,0.0349798549651178,0.02743083785106,0.0195334339978279,0.0216360665520579,0.0155607724196285,0.0201845408767392,0.0264205147734803,0.0166022772458269,0.017270809421899,0.0223243405895337,0.0155788940838711,0.0122983685163022,0.00565759642715103,0.0153027384314602,0.00793886354316688,0.00670036361108791,0.00391782428737524,0.00564606721580163,0.00533706907487142,0.00825940027915396,0.0171899225421995,0.00933218098481213,0.007897926249789,0.0087178594440074,0.00765599709714773,0.00595978167497813,0.0195718285656815,0.00913310811882211,0.0052482836158199,0.00617705088366001,0.00857129425511529,0.0027746206559659
"383",0.166450182803743,0.0917484988684388,0.0752445976679027,0.0466896343226075,0.0513283510150058,0.0488053171586702,0.0469637747010049,0.0434812227531756,0.0342400978018904,0.0270196733896759,0.0192435025384587,0.021443437303452,0.0156352128566417,0.0203320399214523,0.0258769706429565,0.0166534107522718,0.0174368373982389,0.022615618677295,0.0153716301390017,0.0125982785726237,0.0066545988425427,0.0154069947857477,0.00859836578548501,0.00732295381011724,0.00495816363718519,0.00620757197993238,0.0063668584794173,0.00894791591134238,0.0172894389205987,0.00991936344707348,0.00875665555811326,0.00985326519287255,0.00864698846440265,0.00658068629501239,0.0195770998339652,0.00964533012934175,0.00591512205454957,0.00686543128909665,0.00964087586141439,0.00366803043728282
"384",0.167779902462427,0.0934355063521742,0.0762913002203916,0.0475407365029242,0.0523952707656462,0.0493883266848014,0.0484511626221056,0.0441748802897576,0.0350841909345406,0.0275909567747506,0.0197817997745808,0.02169721084295,0.0155682276609591,0.0199532277631487,0.02671506793201,0.0168723528028726,0.0171234840083427,0.0224647763705253,0.0154565644546308,0.0120419840257017,0.00587005822551963,0.0156918000535239,0.00814482006457821,0.00664406487141134,0.00423709486034805,0.00592582651984114,0.00559075117075657,0.00855737481627934,0.0175432891580625,0.00961070025292701,0.007998821717495,0.00904915696994888,0.00824835158969178,0.00592590835938123,0.0193505280452702,0.0090534995647935,0.00502285856826213,0.00612779663041304,0.00909282026457995,0.00250754905167598
"385",0.164584216481068,0.0920412083769908,0.0755544991727562,0.0471574941324533,0.0514244972081511,0.0487849327750051,0.0479344572564917,0.0438911215324175,0.0349838923868217,0.0276789924587439,0.0198654455624787,0.0220611771847115,0.015893416075521,0.0202600552378712,0.0267672210203591,0.0172181354126272,0.017483208084195,0.0227487592369559,0.015885616755254,0.012518353748549,0.00620852397145216,0.0160040313244954,0.00838847794052517,0.00680489057490572,0.00430222585910349,0.00605285289412477,0.0059377691135104,0.00878462684019227,0.0177656093357895,0.00982173468567186,0.00832845743176061,0.00972576707457965,0.00848750618674508,0.00597730200725754,0.0197464657645033,0.00916763569783842,0.00503701810274489,0.00643069024180172,0.00946364491981371,0.00282806993376246
"386",0.16854508167084,0.0940532895537517,0.0771903523590875,0.0476192050561922,0.0527247957093237,0.0497517716619987,0.048597271026704,0.044937125851759,0.0351684379817819,0.0281687502927666,0.0199243474612381,0.0220250278320878,0.0158187514193863,0.0198755673290172,0.0267975547347316,0.0171182906955094,0.0172755015811372,0.0223844046418003,0.0158786172947058,0.0119896920183691,0.00529772819682257,0.0158561595296584,0.00770970124678977,0.00614575605974416,0.00378579005685796,0.00556531035784832,0.00532092166305133,0.00852967822895959,0.0176316138807076,0.00931754184712019,0.00784301749186771,0.00885922669955209,0.00795166035241477,0.00517414095782991,0.0194183660536824,0.00837204803023265,0.00449488450941002,0.00578297525569363,0.00893554441361323,0.0021640989959561
"387",0.165607396658675,0.0921983328557503,0.0756329880840178,0.0466202639536515,0.0512665432407822,0.04852580557854,0.0470594725693282,0.0435745962124112,0.034271938004197,0.0276963030047725,0.0193507660855718,0.0216858805898149,0.0157040022993378,0.0197663291479857,0.0258785355981767,0.0167371287424801,0.017280915968351,0.0223799015464816,0.0157257659967984,0.012757377180081,0.00663952240751599,0.0156908565173509,0.00847601801119677,0.00707371107533815,0.00452214069918376,0.00610741573746672,0.00616266784656723,0.0087978057152311,0.017497773588137,0.0101657084664073,0.00862662907356365,0.0100009468782153,0.00897519929347216,0.00617316178943951,0.0196442115773133,0.00911165814761108,0.00578321959527699,0.00725210773399703,0.00993287808714001,0.00364612444237134
"388",0.16374148362393,0.0922345220672949,0.0753104041365503,0.0464776445970002,0.0516580346115898,0.0485479819004961,0.0475756442808605,0.0435424419592247,0.0346526709705682,0.0275048965378267,0.0197466523521646,0.0221226447466279,0.0161168967243116,0.0199387667801051,0.026760269873309,0.0169955916271055,0.0175676027186779,0.0223467552269158,0.0160454348732365,0.0127675238120595,0.00649204266081979,0.0161819690103146,0.00817666018026362,0.00680783424890587,0.00439777526171892,0.00611631115372483,0.00614981086076483,0.00897611710079267,0.0178303699841199,0.00991623507891021,0.00861632375331684,0.00967695149896639,0.00839284636196966,0.0062266610192587,0.0196440670046549,0.00921766209491682,0.0056824885592366,0.00685516775550271,0.00985206993934317,0.00313677305264329
"389",0.168211496817609,0.0946182351310648,0.0771340768505644,0.0473366473929701,0.0527561969231664,0.0495383822380918,0.0484581385730981,0.0444070566682647,0.035269494550057,0.0276736451994995,0.0197935109060916,0.021861239353804,0.0156127962075934,0.0201330044822566,0.0268538073194637,0.0167796225113309,0.0174265069918083,0.0220097428354627,0.0157987607961876,0.0118901237780877,0.00569808047111842,0.0162839188839245,0.00765518431731206,0.00595605791874981,0.0037884617790883,0.00577738280834362,0.00542879436716386,0.00834763648624488,0.0177457812272007,0.00932507790425499,0.00800843820112171,0.00887002491828846,0.00791700726264408,0.00554476356491446,0.0194134685608323,0.00875212505645398,0.00488809595474281,0.00589856200223588,0.00904299114837499,0.00209566164051771
"390",0.165679817359611,0.092924673357536,0.0758474858664736,0.0465172401906501,0.0514086702166571,0.0485795738038,0.0472137763306289,0.0436347185925995,0.0341739461961645,0.0273114351993864,0.0196671028020946,0.0218118755612324,0.0154410507711942,0.0199348684715138,0.0261865406840796,0.0166530519290315,0.0170592548861684,0.0217513051743012,0.0157596958605705,0.0124891917073211,0.00629944563006635,0.0164734066899013,0.00801239209242006,0.00703888708271226,0.00508212201072505,0.00652870020215702,0.00622179436246189,0.00853664843388551,0.0179395429637198,0.0100139004663822,0.00877855300651353,0.00946537413248525,0.0088095411467515,0.00628256034553199,0.0196362445946412,0.00898645540632378,0.00580027754531167,0.00696841833290107,0.00961073652027412,0.00346972407381972
"391",0.16967550113236,0.0950536992488282,0.0778940248954334,0.0475278530102693,0.0524614300789899,0.0496568433288985,0.0489246143965844,0.0443362036898678,0.035144093226322,0.0275678392186898,0.0196762799673256,0.0220413533227707,0.0154803245894408,0.0197456020198343,0.0267177408615886,0.0165481200812033,0.017157659645394,0.0218354008029489,0.0156806024633119,0.0120656572327678,0.00560747080672416,0.0162643272819086,0.0073776300349727,0.00587570311937359,0.00403748841937548,0.00575316934530342,0.00524563370960664,0.00811599272272971,0.0175562520610859,0.00918675323681609,0.00795353586386151,0.00893939648425935,0.00784508649823996,0.00554291057890617,0.0194659532304639,0.00830972050900886,0.00469200731996414,0.00594118936409659,0.00899753393988563,0.00210140226058824
"392",0.17038072656174,0.0944814602480858,0.0772464183314893,0.0474560575678423,0.0521273984271278,0.0494363652093663,0.0478372789419637,0.0439815699005132,0.034326141104059,0.0275322180758673,0.0192756554807633,0.0217455620061334,0.0154313999675632,0.0195200550155472,0.0258854215447218,0.0160303642888567,0.0168794637615027,0.0218273174076625,0.0153929062784246,0.0124763101254463,0.00591233071264676,0.0158763749140029,0.00767164982876533,0.00647113467382758,0.00421727069424936,0.00613729532806361,0.00543814394765594,0.00776034256663512,0.0177061608022147,0.00961149587834312,0.00860452443447145,0.00960394048666391,0.00823857407376345,0.00559129051606711,0.0192125987942343,0.00885879230732818,0.00549956787120365,0.00627259335675602,0.00909859525512021,0.00294723331331101
"393",0.165707478839988,0.0925209709971051,0.0762297115607232,0.0475724438937954,0.0517125993342584,0.0491838419086503,0.0476230814973553,0.0437925837679596,0.0344759062234127,0.0277374185424156,0.0194418562245547,0.022250560735874,0.0158520170674674,0.0200954404975957,0.0260276163388182,0.0169333687195492,0.0172859840007759,0.0224195664339718,0.015908848310522,0.0127221706124367,0.00603756938996386,0.0160708625078376,0.0080463844829631,0.00668316812752984,0.00406916899239316,0.0061340936848359,0.00572278378749912,0.00818936921542384,0.0181860656480608,0.0100821493037426,0.00895273451818329,0.00979785665126211,0.00839120552197524,0.00572301895375366,0.0195362107075636,0.0092434979563767,0.00538650098559981,0.00636564053536803,0.00907181898689806,0.00281643453554089
"394",0.171867623954833,0.0949478718497841,0.0785644680940268,0.0483077049968215,0.0532227600060898,0.0503586631509108,0.0489643181151543,0.0448167290087573,0.0351843351762849,0.0281273935313112,0.0197147941162067,0.0222086753193745,0.015355063694757,0.0199562736371766,0.0265359981267218,0.0166808216568033,0.0171906658334506,0.0225338509284836,0.0156024495438542,0.0117310149556753,0.00499006970000873,0.0156411782842147,0.00703994416533497,0.00580066880816161,0.00298818761154165,0.0052981156790261,0.00500875288390478,0.00755079691033101,0.0179903763868454,0.00941101265321052,0.00785789460705078,0.00889085595961919,0.00777426543882977,0.00475037351281194,0.0190246477813646,0.00836151062280848,0.00436205501658968,0.00528827634722175,0.00844283148593753,0.00165671044871031
"395",0.172039238414697,0.0946324549408724,0.0778046874838336,0.0478481449618592,0.0526962441952093,0.0497109145372058,0.0478345705120755,0.0443349415843778,0.0347449605178153,0.0276433176240682,0.0192056487772033,0.0216764015662482,0.0151988041330947,0.019879035062468,0.0256934831233614,0.0162534313952564,0.0168851360463047,0.0224114028707701,0.015330417835163,0.0122325958710977,0.00575772334697718,0.0146934370722861,0.0076268016533333,0.0066640328616178,0.00322025824253268,0.00564420711195353,0.00551576540481887,0.00756788278081067,0.0171261044453815,0.00917716440732054,0.00794277117548423,0.00934730235991386,0.00831220222461966,0.00556608837363592,0.0195235210785553,0.00870771906421095,0.00511237668863155,0.00643001531462108,0.0091770216500861,0.00283177329022712
"396",0.175037472070379,0.095885306643508,0.0787781500680093,0.0481583906585556,0.0528549591575628,0.0505162533438906,0.048008362309129,0.0443575938107895,0.0346938724102904,0.0278604819891788,0.0187319409627412,0.0213075384173636,0.0150787533280087,0.0201197899034363,0.0255368228830419,0.0159456007927811,0.016734197470952,0.0223988419246329,0.0147402003318181,0.0121222207866481,0.00544389922590155,0.0144562050652558,0.00733303239387984,0.00605544329247445,0.00317234535781421,0.00493477148954238,0.00522457411240779,0.00748032806941025,0.0169606843440562,0.00937889538070419,0.00789145340476675,0.00916353000977061,0.00803242055571285,0.00531095795790817,0.0194957482796846,0.00880172192699201,0.00467896421554327,0.00618535997722254,0.00872737988929375,0.00240553578894241
"397",0.168370489394926,0.0925495517886969,0.0760563104099581,0.0471834913770008,0.0514870057906316,0.0488319402443457,0.0466292851292966,0.0435204763975846,0.0339303809162476,0.0275109597918207,0.0190039750507449,0.0217670176505674,0.0151374452083382,0.0200577178496993,0.0253123987656304,0.0165457348104095,0.017572346890897,0.0226439524708339,0.0154739013416484,0.012757371414205,0.00636136031870571,0.0148981169333125,0.00795230530175715,0.00713130085770338,0.00439538085773827,0.00619901300160411,0.00650883721212265,0.00835219746654616,0.0178579016627068,0.00982685234809888,0.00848930230646123,0.00965400119601886,0.0085270606259696,0.00622972290598257,0.0196998835820522,0.00944451289044654,0.0060764975754316,0.00710126258359345,0.00918351863438772,0.00376921904587854
"398",0.167968120276605,0.0925684374588797,0.0765481973338888,0.0474294437703025,0.0519823294692811,0.049317959506427,0.0483237140262171,0.0437052411311378,0.0347839258204031,0.0273363637623017,0.019573127967413,0.0219416752637172,0.0157314845459662,0.0202022395203505,0.0257942773246491,0.0167649039451842,0.0174358330843113,0.0224979229650478,0.0156926319049546,0.0127855696516008,0.00605709915917613,0.0155422547492487,0.00792914243671462,0.00643371679379065,0.00408599790814284,0.00594779687496518,0.00605012021203903,0.00837364268956839,0.0176017598326647,0.00969619978702051,0.00823195677670159,0.00919974110290464,0.00813968348595606,0.00591445646091292,0.0195948112084271,0.00915553187553986,0.00526730624396772,0.00664840218421497,0.00885520225939173,0.00289177923001386
"399",0.168129478601334,0.0927551256029275,0.0766797708647709,0.047865916122703,0.0519339667635505,0.0497403207147408,0.0484263218334472,0.0442178493640902,0.0349328640485014,0.0273988544745015,0.0196445590182763,0.022065713084579,0.0158611820729115,0.0202857379062685,0.026432627922615,0.0168401366264775,0.0175191895440602,0.0228923195653797,0.0155839739018789,0.012410275523985,0.00595472325529108,0.0158898745184292,0.00766951506404238,0.00644192919222797,0.00377902049519345,0.00567278399436992,0.00579844896845545,0.00833355997936733,0.017595677001762,0.00985692758188275,0.0079810724979376,0.00937504413325526,0.00794283120929449,0.00553813296151151,0.0195207960629222,0.00873614444269781,0.00475981955130863,0.00613923077517863,0.00902293539059915,0.00237534936727443
"400",0.168832438416693,0.093160738263214,0.0764055459179974,0.0474532259437288,0.0514494688598195,0.0493176698808342,0.0476791457998871,0.0437263374804647,0.0343079645956294,0.0269936903824695,0.0194270098232092,0.0216748052131141,0.0157554756076874,0.0198292907305822,0.0259628156916307,0.016733442989563,0.0172364342785204,0.0224089952788347,0.0152777609455339,0.0121627101920178,0.00640934152805397,0.0153766827774288,0.00831169082284329,0.00676812316360836,0.004215415522325,0.00580508950422576,0.00591730518942648,0.00820468425019729,0.0172508548192599,0.0101004210875072,0.0086596101942908,0.00978891165457017,0.00855870422211403,0.0060245736311792,0.0193801097904984,0.00894694187142293,0.00534427466047373,0.00653704031784555,0.00953280466147662,0.00307245403982186
